"","Div","Date","Day","Month","HomeTeam","AwayTeam","FTHG","FTAG","Result","Hpoints","Apoints","FTR","HTHG","HTAG","HTR","Referee","HS","AS","HST","AST","HF","AF","HC","AC","HY","AY","HR","AR","season","UtcDate","HTop6","ATop6","HLast5GamesGoals","ALast5GamesGoals","HLast3GamesGoalsVSOpposition","ALast3GamesGoalsVSOpposition","HLast5GamesGoalsConceded","ALast5GamesGoalsConceded","HForm","AForm","HomeGoalsPredictionTree","AwayGoalsPredictionTree","HomeGoalsPredictionReg","AwayGoalsPredictionReg"
"3144","E0","04/11/17","Wednesday","November","Stoke","Leicester",2,2,"D",1,1,"D",1,1,"D","R Madley",11,14,7,4,12,8,4,10,0,0,0,0,"17/18",1509778800,0,0,1.2,1.2,1.33333333333333,1.66666666666667,1.8,1.6,7,5,1.48,1.09,1,1
"3147","E0","05/11/17","Thursday","November","Chelsea","Man United",1,0,"H",3,0,"H",0,0,"D","A Taylor",18,10,8,2,16,20,4,7,1,3,0,0,"17/18",1509865200,1,1,1.6,1.6,2,0.333333333333333,1.2,0.8,7,8,1.7,1.18,2,1
"3149","E0","05/11/17","Thursday","November","Man City","Arsenal",3,1,"H",3,0,"H",1,0,"H","M Oliver",9,6,5,3,15,15,5,5,1,6,0,0,"17/18",1509865200,1,1,4.2,1.2,1.33333333333333,1.66666666666667,0.6,1.8,13,4,1.7,1.18,3,1
"3150","E0","05/11/17","Thursday","November","Tottenham","Crystal Palace",1,0,"H",3,0,"H",0,0,"D","K Friend",12,11,2,3,6,7,10,9,0,2,0,0,"17/18",1509865200,1,0,1.4,0,0.666666666666667,0,0.8,2.4,8,0,2.26,0.73,2,1
"3151","E0","18/11/17","Saturday","November","Arsenal","Tottenham",2,0,"H",3,0,"H",2,0,"H","M Dean",14,14,5,4,11,16,7,4,4,1,0,0,"17/18",1510992000,1,1,2.6,2.4,1,1,0.8,0.6,15,12,1.7,1.18,2,1
"3154","E0","18/11/17","Saturday","November","Crystal Palace","Everton",2,2,"D",1,1,"D",2,2,"D","A Taylor",16,8,7,5,9,26,9,4,2,3,0,0,"17/18",1510992000,0,0,0.8,0.4,0,0.666666666666667,1.8,2,4,2,1.48,1.09,1,1
"3155","E0","18/11/17","Saturday","November","Leicester","Man City",0,2,"A",0,3,"A",0,1,"A","G Scott",2,12,0,4,8,10,1,7,1,1,0,0,"17/18",1510992000,0,1,1.6,2.8,1.33333333333333,1,1.2,0.6,7,15,1.06,1.81,1,2
"3157","E0","18/11/17","Saturday","November","Man United","Newcastle",4,1,"H",3,0,"H",2,1,"H","C Pawson",16,12,7,5,10,9,11,4,1,1,0,0,"17/18",1510992000,1,0,3,0.6,1,0.666666666666667,0,1,15,4,2.26,0.73,3,1
"3158","E0","18/11/17","Saturday","November","West Brom","Chelsea",0,4,"A",0,3,"A",0,3,"A","J Moss",7,11,2,7,13,12,3,4,2,3,0,0,"17/18",1510992000,0,1,1.2,2,1.66666666666667,1.33333333333333,1.2,0.8,6,12,1.06,1.81,1,2
"3161","E0","24/11/17","Sunday","November","West Ham","Leicester",1,1,"D",1,1,"D",1,1,"D","M Atkinson",8,7,4,2,9,12,5,5,1,1,0,0,"17/18",1511510400,0,0,1.2,1,1.66666666666667,1.66666666666667,2,1.2,6,6,1.48,1.09,1,1
"3162","E0","25/11/17","Monday","November","Crystal Palace","Stoke",2,1,"H",3,0,"H",0,0,"D","M Dean",10,9,5,3,9,5,5,2,1,1,0,0,"17/18",1511596800,0,0,1.2,1.4,2.33333333333333,1,1.6,2.4,5,5,1.48,1.09,1,1
"3163","E0","25/11/17","Monday","November","Liverpool","Chelsea",1,1,"D",1,1,"D",0,0,"D","M Oliver",16,11,4,3,10,7,7,8,0,0,0,0,"17/18",1511596800,1,1,2.2,2.4,1,1.33333333333333,0.2,0.6,11,12,1.7,1.18,2,1
"3167","E0","25/11/17","Monday","November","Tottenham","West Brom",1,1,"D",1,1,"D",0,1,"A","M Jones",24,5,5,2,10,13,8,0,1,4,0,0,"17/18",1511596800,1,0,1.4,0.4,1.66666666666667,0.666666666666667,0.4,1.6,11,1,2.26,0.73,2,1
"3168","E0","26/11/17","Tuesday","November","Burnley","Arsenal",0,1,"A",0,3,"A",0,0,"D","L Mason",8,17,2,2,8,14,5,5,2,0,0,0,"17/18",1511683200,0,1,1,1.4,0.333333333333333,1,0.2,2.2,11,4,1.06,1.81,1,2
"3170","E0","26/11/17","Tuesday","November","Southampton","Everton",4,1,"H",3,0,"H",1,1,"D","K Friend",17,5,5,2,6,13,7,2,0,0,0,0,"17/18",1511683200,0,0,0.6,0.6,1.33333333333333,1,1.2,2.2,4,2,1.48,1.09,1,1
"3172","E0","28/11/17","Friday","November","Leicester","Tottenham",2,1,"H",3,0,"H",2,0,"H","A Taylor",7,18,4,6,7,10,4,9,1,2,0,0,"17/18",1511856000,0,1,1.2,2,1,3,1.6,1,4,9,1.06,1.81,1,2
"3174","E0","28/11/17","Friday","November","West Brom","Newcastle",2,2,"D",1,1,"D",1,0,"H","L Probert",8,14,4,4,13,12,1,6,0,0,0,0,"17/18",1511856000,0,0,1,0.8,0.666666666666667,0.666666666666667,2,1.6,3,4,1.48,1.09,1,1
"3177","E0","29/11/17","Saturday","November","Chelsea","Swansea",1,0,"H",3,0,"H",0,0,"D","N Swarbrick",21,2,10,0,10,7,15,1,1,0,0,0,"17/18",1511942400,1,0,1.4,0.6,3,1.66666666666667,0.6,1,10,4,2.26,0.73,2,1
"3178","E0","29/11/17","Saturday","November","Everton","West Ham",4,0,"H",3,0,"H",2,0,"H","M Oliver",8,7,5,3,16,6,2,6,2,1,0,0,"17/18",1511942400,0,0,1.4,0.6,2,1.33333333333333,2.4,1.6,6,3,1.48,1.09,1,1
"3179","E0","29/11/17","Saturday","November","Man City","Southampton",2,1,"H",3,0,"H",0,0,"D","P Tierney",26,7,12,2,12,11,6,5,1,1,0,0,"17/18",1511942400,1,0,4.6,0.6,2,0.666666666666667,0.6,1.2,15,5,2.26,0.73,3,1
"3180","E0","29/11/17","Saturday","November","Stoke","Liverpool",0,3,"A",0,3,"A",0,1,"A","M Atkinson",10,14,1,7,8,10,5,9,1,5,0,0,"17/18",1511942400,0,1,1.4,1.8,2.33333333333333,1.33333333333333,2.2,2.6,5,7,1.06,1.81,1,2
"3181","E0","02/12/17","Tuesday","December","Arsenal","Man United",1,3,"A",0,3,"A",0,2,"A","A Marriner",33,8,15,4,11,10,12,1,3,2,0,1,"17/18",1512201600,1,1,2.6,1.2,2,0.666666666666667,0.2,1,15,7,1.7,1.18,2,1
"3183","E0","02/12/17","Tuesday","December","Chelsea","Newcastle",3,1,"H",3,0,"H",2,1,"H","K Friend",23,8,9,2,8,13,11,4,0,1,0,0,"17/18",1512201600,1,0,1.2,1,3.33333333333333,0.333333333333333,0.6,2,10,2,2.26,0.73,2,1
"3186","E0","02/12/17","Tuesday","December","Stoke","Swansea",2,1,"H",3,0,"H",2,1,"H","C Pawson",10,10,3,3,12,10,2,6,2,0,0,0,"17/18",1512201600,0,0,1,0.2,2.33333333333333,1.33333333333333,2.4,1.2,4,1,1.48,1.09,1,1
"3188","E0","02/12/17","Tuesday","December","West Brom","Crystal Palace",0,0,"D",1,1,"D",0,0,"D","M Oliver",20,10,6,2,11,10,3,7,3,1,0,0,"17/18",1512201600,0,0,1.2,0,1.66666666666667,2,2.2,2.2,3,1,1.48,1.09,1,1
"3190","E0","03/12/17","Wednesday","December","Man City","West Ham",2,1,"H",3,0,"H",0,1,"A","M Dean",24,7,8,4,5,7,10,4,2,2,0,0,"17/18",1512288000,1,0,4,0.6,2,1,0.8,1.8,15,3,2.26,0.73,3,1
"3195","E0","09/12/17","Thursday","December","Swansea","West Brom",1,0,"H",3,0,"H",0,0,"D","M Dean",18,7,3,1,8,18,6,3,2,5,0,0,"17/18",1512806400,0,0,0.8,0.4,2,0.333333333333333,1,1.2,4,2,1.48,1.09,1,1
"3196","E0","09/12/17","Thursday","December","Tottenham","Stoke",5,1,"H",3,0,"H",1,0,"H","R East",20,4,11,3,12,9,12,6,1,0,0,0,"17/18",1512806400,1,0,1.4,1.4,2.33333333333333,1.33333333333333,0.4,2.6,11,4,2.26,0.73,2,1
"3197","E0","09/12/17","Thursday","December","West Ham","Chelsea",1,0,"H",3,0,"H",1,0,"H","A Taylor",5,19,2,2,10,10,4,3,6,1,0,0,"17/18",1512806400,0,1,1,2.2,1,1.33333333333333,2.2,0.6,4,10,1.06,1.81,1,2
"3198","E0","10/12/17","Friday","December","Liverpool","Everton",1,1,"D",1,1,"D",1,0,"H","C Pawson",23,3,3,2,8,11,12,1,1,3,0,0,"17/18",1512892800,1,0,1.6,0.8,2.66666666666667,0.666666666666667,0.4,2.6,9,2,2.26,0.73,2,1
"3199","E0","10/12/17","Friday","December","Man United","Man City",1,2,"A",0,3,"A",1,1,"D","M Oliver",8,14,5,7,16,10,2,8,4,2,0,0,"17/18",1512892800,1,1,2.8,2.8,1.66666666666667,1.33333333333333,0.2,0.6,15,15,1.7,1.18,2,1
"3200","E0","10/12/17","Friday","December","Southampton","Arsenal",1,1,"D",1,1,"D",1,0,"H","R Madley",6,11,3,6,12,10,4,5,2,2,0,0,"17/18",1512892800,0,1,1.4,1.6,2,0.666666666666667,1,1.4,7,7,1.06,1.81,1,2
"3201","E0","12/12/17","Monday","December","Burnley","Stoke",1,0,"H",3,0,"H",0,0,"D","M Jones",10,14,2,7,6,14,6,4,0,0,0,0,"17/18",1513065600,0,0,1,1.4,0.666666666666667,0.333333333333333,0.4,3.2,10,4,1.48,1.09,1,1
"3204","E0","13/12/17","Tuesday","December","Liverpool","West Brom",0,0,"D",1,1,"D",0,0,"D","P Tierney",14,6,5,1,16,6,5,7,1,0,0,0,"17/18",1513152000,1,0,1.6,0.4,2,1.33333333333333,0.4,1,9,2,2.26,0.73,2,1
"3206","E0","13/12/17","Tuesday","December","Newcastle","Everton",0,1,"A",0,3,"A",0,1,"A","M Atkinson",16,7,4,4,10,11,4,1,1,2,1,0,"17/18",1513152000,0,0,0.8,1,1,2,1.6,2,4,3,1.48,1.09,1,1
"3207","E0","13/12/17","Tuesday","December","Southampton","Leicester",1,4,"A",0,3,"A",0,3,"A","C Kavanagh",12,16,4,11,13,9,9,9,1,0,0,0,"17/18",1513152000,0,0,1.6,1.6,2.33333333333333,0.666666666666667,1,1.2,8,9,1.48,1.09,1,1
"3208","E0","13/12/17","Tuesday","December","Swansea","Man City",0,4,"A",0,3,"A",0,2,"A","A Taylor",7,23,3,10,12,6,2,5,0,0,0,0,"17/18",1513152000,0,1,0.8,2,1.33333333333333,2.66666666666667,0.6,0.8,7,15,1.06,1.81,1,2
"3210","E0","13/12/17","Tuesday","December","West Ham","Arsenal",0,0,"D",1,1,"D",0,0,"D","J Moss",6,22,0,3,9,9,1,7,1,0,0,0,"17/18",1513152000,0,1,0.8,1.8,1.66666666666667,3.33333333333333,1.6,1.6,7,7,1.06,1.81,1,2
"3211","E0","16/12/17","Saturday","December","Arsenal","Newcastle",1,0,"H",3,0,"H",1,0,"H","S Attwell",23,10,5,2,13,9,7,5,2,1,0,0,"17/18",1513411200,1,0,2.4,1.2,2.66666666666667,0.333333333333333,0.8,2.4,12,2,2.26,0.73,2,1
"3213","E0","16/12/17","Saturday","December","Chelsea","Southampton",1,0,"H",3,0,"H",1,0,"H","R East",24,6,8,2,8,16,8,4,1,3,0,0,"17/18",1513411200,1,0,1.8,0.8,2,2,0.8,1.8,12,2,2.26,0.73,2,1
"3214","E0","16/12/17","Saturday","December","Leicester","Crystal Palace",0,3,"A",0,3,"A",0,2,"A","M Atkinson",11,13,2,6,12,13,6,4,2,2,1,0,"17/18",1513411200,0,0,1.2,0,1.33333333333333,0.666666666666667,0.8,1.2,10,2,1.48,1.09,1,1
"3215","E0","16/12/17","Saturday","December","Man City","Tottenham",4,1,"H",3,0,"H",1,0,"H","C Pawson",20,7,11,2,13,20,5,1,2,4,0,0,"17/18",1513411200,1,1,3.4,1.2,2.33333333333333,1.66666666666667,1,1.2,15,4,1.7,1.18,2,1
"3216","E0","16/12/17","Saturday","December","Stoke","West Ham",0,3,"A",0,3,"A",0,1,"A","G Scott",17,14,0,7,12,13,7,9,2,1,0,0,"17/18",1513411200,0,0,1.4,0.8,1.33333333333333,1,1.8,2.2,7,2,1.48,1.09,1,1
"3219","E0","17/12/17","Sunday","December","West Brom","Man United",1,2,"A",0,3,"A",0,2,"A","A Taylor",12,8,5,3,14,7,6,3,1,3,0,0,"17/18",1513497600,0,1,1.2,1.6,1,1.33333333333333,2.2,1.2,3,7,1.06,1.81,1,2
"3220","E0","18/12/17","Monday","December","Everton","Swansea",3,1,"H",3,0,"H",1,1,"D","J Moss",12,8,7,3,12,12,6,3,2,3,0,0,"17/18",1513584000,0,0,2.2,0.4,0.666666666666667,1,1.6,1.6,9,0,1.48,1.09,2,1
"3221","E0","22/12/17","Saturday","December","Arsenal","Liverpool",3,3,"D",1,1,"D",0,1,"A","M Atkinson",11,14,4,9,9,11,7,8,1,0,0,0,"17/18",1513929600,1,1,2.2,3.4,2.33333333333333,1.66666666666667,0.8,1.2,12,12,1.7,1.18,2,1
"3223","E0","23/12/17","Sunday","December","Burnley","Tottenham",0,3,"A",0,3,"A",0,1,"A","M Oliver",5,18,2,8,10,10,4,4,1,2,0,0,"17/18",1514016000,0,1,1,0.6,1.33333333333333,1.33333333333333,0.2,2,12,1,1.06,1.81,1,1
"3224","E0","23/12/17","Sunday","December","Everton","Chelsea",0,0,"D",1,1,"D",0,0,"D","R Madley",5,25,0,8,8,4,2,7,3,0,0,0,"17/18",1514016000,0,1,2.8,1.8,2,3.33333333333333,1.6,0.6,12,10,1.06,1.81,1,2
"3225","E0","23/12/17","Sunday","December","Leicester","Man United",2,2,"D",1,1,"D",1,1,"D","J Moss",11,19,3,6,19,8,4,6,2,2,1,0,"17/18",1514016000,0,1,1,2,2,2.33333333333333,1.2,1.4,9,9,1.06,1.81,1,2
"3228","E0","23/12/17","Sunday","December","Stoke","West Brom",3,1,"H",3,0,"H",2,0,"H","N Swarbrick",9,17,5,7,9,11,1,11,1,0,0,0,"17/18",1514016000,0,0,1,0.2,1,0.666666666666667,2.2,0.8,4,2,1.48,1.09,1,1
"3229","E0","23/12/17","Sunday","December","Swansea","Crystal Palace",1,1,"D",1,1,"D",0,0,"D","C Pawson",7,13,2,5,13,11,6,3,2,3,0,0,"17/18",1514016000,0,0,0.4,0.6,2.33333333333333,2,1.4,0.4,4,5,1.48,1.09,1,1
"3230","E0","23/12/17","Sunday","December","West Ham","Newcastle",2,3,"A",0,3,"A",1,1,"D","L Mason",19,11,6,4,9,12,6,3,1,1,0,0,"17/18",1514016000,0,0,0.6,0.8,1.33333333333333,1,1.6,2.2,5,1,1.48,1.09,1,1
"3234","E0","26/12/17","Thursday","December","Liverpool","Swansea",5,0,"H",3,0,"H",1,0,"H","K Friend",22,7,9,4,5,8,4,2,0,1,0,0,"17/18",1514275200,1,0,1.6,0.6,2.33333333333333,1.33333333333333,0.4,2,9,0,2.26,0.73,3,1
"3235","E0","26/12/17","Thursday","December","Man United","Burnley",2,2,"D",1,1,"D",0,2,"A","M Atkinson",23,3,6,2,10,14,12,2,3,7,0,0,"17/18",1514275200,1,0,1.6,0.6,2,0.333333333333333,0.6,1,12,7,2.26,0.73,2,1
"3236","E0","26/12/17","Thursday","December","Tottenham","Southampton",5,2,"H",3,0,"H",2,0,"H","G Scott",16,16,7,6,8,15,3,8,0,2,0,0,"17/18",1514275200,1,0,2.6,0.6,1.33333333333333,1,0.6,1.6,13,2,2.26,0.73,2,1
"3238","E0","26/12/17","Thursday","December","West Brom","Everton",0,0,"D",1,1,"D",0,0,"D","R East",17,7,3,3,14,13,10,2,2,0,0,0,"17/18",1514275200,0,0,1,1,1,2.33333333333333,2.2,1.8,2,5,1.48,1.09,1,1
"3239","E0","27/12/17","Friday","December","Newcastle","Man City",0,1,"A",0,3,"A",0,1,"A","A Marriner",6,22,2,6,11,6,3,8,1,0,0,0,"17/18",1514361600,0,1,0.6,2.6,0.333333333333333,1.66666666666667,1.6,0.8,3,15,1.06,1.81,1,2
"3240","E0","28/12/17","Sunday","December","Crystal Palace","Arsenal",2,3,"A",0,3,"A",0,1,"A","M Oliver",16,16,2,9,12,7,5,4,0,1,0,0,"17/18",1514448000,0,1,2,1.6,1.66666666666667,1.33333333333333,1.6,1.2,9,8,1.06,1.81,1,2
"3242","E0","30/12/17","Wednesday","December","Chelsea","Stoke",5,0,"H",3,0,"H",3,0,"H","K Friend",21,1,12,1,5,10,7,0,1,1,0,0,"17/18",1514620800,1,0,1.6,1,2.33333333333333,1.33333333333333,0.2,2.2,15,2,2.26,0.73,2,1
"3244","E0","30/12/17","Wednesday","December","Liverpool","Leicester",2,1,"H",3,0,"H",0,1,"A","N Swarbrick",17,7,6,1,7,3,7,1,3,2,0,0,"17/18",1514620800,1,0,2,2.2,2.33333333333333,1,0.4,1.6,9,8,2.26,0.73,3,1
"3245","E0","30/12/17","Wednesday","December","Man United","Southampton",0,0,"D",1,1,"D",0,0,"D","C Pawson",15,8,3,3,12,13,10,7,2,4,0,0,"17/18",1514620800,1,0,1.8,0.8,0.666666666666667,0.666666666666667,1,2.4,10,1,2.26,0.73,2,1
"3248","E0","31/12/17","Thursday","December","Crystal Palace","Man City",0,0,"D",1,1,"D",0,0,"D","J Moss",10,15,1,4,14,11,7,8,5,4,0,0,"17/18",1514707200,0,1,2,2.2,1,1.33333333333333,1.8,0.4,8,15,1.06,1.81,1,2
"3249","E0","31/12/17","Thursday","December","West Brom","Arsenal",1,1,"D",1,1,"D",0,0,"D","M Dean",14,14,3,4,14,9,5,6,3,3,0,0,"17/18",1514707200,0,1,0.6,1.2,1.66666666666667,1,1.6,1.2,3,8,1.06,1.81,1,2
"3251","E0","01/01/18","Thursday","January","Burnley","Liverpool",1,2,"A",0,3,"A",0,0,"D","R East",13,19,4,5,4,12,3,9,0,0,0,0,"17/18",1514793600,0,1,0.8,3.8,0.666666666666667,1.66666666666667,0.8,1,9,13,1.06,1.81,1,2
"3252","E0","01/01/18","Thursday","January","Everton","Man United",0,2,"A",0,3,"A",0,0,"D","A Marriner",12,21,0,6,11,10,6,6,2,0,0,0,"17/18",1514793600,0,1,2.4,2.2,1.33333333333333,1.33333333333333,0.6,1.4,13,10,1.06,1.81,1,2
"3254","E0","01/01/18","Thursday","January","Stoke","Newcastle",0,1,"A",0,3,"A",0,0,"D","C Kavanagh",11,14,4,6,10,11,10,5,3,1,0,0,"17/18",1514793600,0,0,1.4,1.4,1,0,2,2.4,7,4,1.48,1.09,1,1
"3256","E0","02/01/18","Friday","January","Southampton","Crystal Palace",1,2,"A",0,3,"A",1,0,"H","S Attwell",10,11,3,4,8,11,4,7,0,1,0,0,"17/18",1514880000,0,0,1.4,0.8,2.66666666666667,0.666666666666667,1.6,0.4,5,6,1.48,1.09,1,1
"3257","E0","02/01/18","Friday","January","Swansea","Tottenham",0,2,"A",0,3,"A",0,1,"A","R Madley",8,12,1,5,12,9,6,5,2,2,0,0,"17/18",1514880000,0,1,0.4,1.2,1.33333333333333,2.33333333333333,1.2,1.8,5,4,1.06,1.81,1,2
"3258","E0","02/01/18","Friday","January","West Ham","West Brom",2,1,"H",3,0,"H",0,1,"A","M Jones",13,10,5,3,12,12,3,4,3,2,0,0,"17/18",1514880000,0,0,1,0.4,1.33333333333333,1.33333333333333,1.6,1.2,5,2,1.48,1.09,1,1
"3259","E0","03/01/18","Saturday","January","Arsenal","Chelsea",2,2,"D",1,1,"D",0,0,"D","A Taylor",14,19,6,6,11,11,10,8,3,2,0,0,"17/18",1514966400,1,1,2.4,1.6,1,0.333333333333333,1.2,0.6,10,8,1.7,1.18,2,1
"3260","E0","04/01/18","Sunday","January","Tottenham","West Ham",1,1,"D",1,1,"D",0,0,"D","M Dean",31,3,8,1,10,6,7,1,0,2,0,0,"17/18",1515052800,1,0,2.8,1.4,3,1.66666666666667,0.8,2.2,13,4,2.26,0.73,3,1
"3261","E0","13/01/18","Friday","January","Chelsea","Leicester",0,0,"D",1,1,"D",0,0,"D","M Jones",17,14,7,1,14,13,6,3,2,2,0,1,"17/18",1515830400,1,0,2.4,2,2,0.333333333333333,0.2,1.6,15,7,2.26,0.73,2,1
"3264","E0","13/01/18","Friday","January","Newcastle","Swansea",1,1,"D",1,1,"D",0,0,"D","G Scott",12,8,4,5,11,10,4,5,0,3,0,0,"17/18",1515830400,0,0,0.4,0.8,2,1.66666666666667,1.6,2.4,1,3,1.48,1.09,1,1
"3265","E0","13/01/18","Friday","January","Tottenham","Everton",4,0,"H",3,0,"H",1,0,"H","C Pawson",20,7,10,0,11,15,3,3,0,2,0,0,"17/18",1515830400,1,0,2.8,0.8,1.66666666666667,1,1,1.4,11,5,2.26,0.73,3,1
"3269","E0","14/01/18","Saturday","January","Liverpool","Man City",4,3,"H",3,0,"H",1,1,"D","A Marriner",16,11,7,4,10,7,5,6,2,3,0,0,"17/18",1515916800,1,1,1.8,1.8,2,0.333333333333333,0.6,0.4,9,13,1.7,1.18,2,1
"3270","E0","15/01/18","Sunday","January","Man United","Stoke",3,0,"H",3,0,"H",2,0,"H","A Taylor",20,11,9,5,14,10,6,1,2,1,0,0,"17/18",1516003200,1,0,1,0.6,2,0.666666666666667,0.8,2.8,8,1,2.26,0.73,2,1
"3271","E0","20/01/18","Saturday","January","Arsenal","Crystal Palace",4,1,"H",3,0,"H",4,0,"H","C Kavanagh",16,9,10,5,6,8,5,10,0,0,0,0,"17/18",1516435200,1,0,2.4,1.2,1.66666666666667,0.666666666666667,1.6,0.4,8,9,2.26,0.73,2,1
"3273","E0","20/01/18","Saturday","January","Burnley","Man United",0,1,"A",0,3,"A",0,0,"D","M Dean",13,12,2,2,7,12,5,4,3,3,0,0,"17/18",1516435200,0,1,0.6,2.6,0.333333333333333,0.666666666666667,1.2,1.2,6,13,1.06,1.81,1,2
"3274","E0","20/01/18","Saturday","January","Everton","West Brom",1,1,"D",1,1,"D",0,1,"A","S Attwell",9,15,4,5,15,10,0,3,2,1,0,0,"17/18",1516435200,0,0,1.8,0.6,1,0.333333333333333,0.6,1.4,10,2,1.48,1.09,1,1
"3276","E0","20/01/18","Saturday","January","Man City","Newcastle",3,1,"H",3,0,"H",1,0,"H","P Tierney",21,6,9,4,5,10,18,0,0,1,0,0,"17/18",1516435200,1,0,3,1.4,5,0.333333333333333,0.8,1.6,15,7,2.26,0.73,3,1
"3279","E0","21/01/18","Monday","January","Southampton","Tottenham",1,1,"D",1,1,"D",1,1,"D","K Friend",10,17,4,2,8,15,2,9,2,3,0,0,"17/18",1516521600,0,1,1.6,1.6,1,2.66666666666667,1.8,1.4,5,7,1.06,1.81,1,2
"3280","E0","22/01/18","Tuesday","January","Swansea","Liverpool",1,0,"H",3,0,"H",1,0,"H","N Swarbrick",3,21,2,4,5,9,3,9,0,2,0,0,"17/18",1516608000,0,1,0.4,3.4,1.33333333333333,1.33333333333333,1.4,1,5,13,1.06,1.81,1,2
"3282","E0","30/01/18","Saturday","January","Swansea","Arsenal",3,1,"H",3,0,"H",1,1,"D","L Mason",12,9,4,4,4,8,4,3,0,3,0,0,"17/18",1517299200,0,1,0.6,1.2,0.666666666666667,2.66666666666667,1.4,1.2,7,6,1.06,1.81,1,2
"3283","E0","30/01/18","Saturday","January","West Ham","Crystal Palace",1,1,"D",1,1,"D",1,1,"D","N Swarbrick",8,9,3,3,11,15,5,3,1,3,0,0,"17/18",1517299200,0,0,1.2,1.4,2,1.66666666666667,1,1.2,8,8,1.48,1.09,1,1
"3285","E0","31/01/18","Sunday","January","Everton","Leicester",2,1,"H",3,0,"H",2,0,"H","C Kavanagh",9,8,4,1,9,10,5,5,0,2,0,0,"17/18",1517385600,0,0,1.2,1.8,2.66666666666667,2.33333333333333,0.8,1.4,8,7,1.48,1.09,2,1
"3286","E0","31/01/18","Sunday","January","Man City","West Brom",3,0,"H",3,0,"H",1,0,"H","R Madley",19,3,10,1,10,10,9,1,1,3,0,0,"17/18",1517385600,1,0,3.2,0.6,2.66666666666667,0.666666666666667,0.8,1.4,15,2,2.26,0.73,3,1
"3290","E0","31/01/18","Sunday","January","Tottenham","Man United",2,0,"H",3,0,"H",2,0,"H","A Marriner",22,6,6,3,10,13,6,3,2,2,0,0,"17/18",1517385600,1,1,3.4,2,1.66666666666667,0.333333333333333,0.8,0.8,13,13,1.7,1.18,2,1
"3291","E0","03/02/18","Tuesday","February","Arsenal","Everton",5,1,"H",3,0,"H",4,0,"H","N Swarbrick",15,11,7,2,8,8,4,6,2,0,0,0,"17/18",1517644800,1,0,2.2,0.6,2.33333333333333,0.666666666666667,1.8,1.4,8,5,2.26,0.73,2,1
"3294","E0","03/02/18","Tuesday","February","Burnley","Man City",1,1,"D",1,1,"D",0,1,"A","M Atkinson",8,20,3,7,9,6,3,13,4,1,0,0,"17/18",1517644800,0,1,0.6,2,1,2.66666666666667,1.2,1,6,10,1.06,1.81,1,2
"3295","E0","03/02/18","Tuesday","February","Leicester","Swansea",1,1,"D",1,1,"D",1,0,"H","A Taylor",13,3,5,1,9,8,3,3,1,0,0,0,"17/18",1517644800,0,0,1.6,1,2.66666666666667,0.333333333333333,1,2.4,10,4,1.48,1.09,1,1
"3297","E0","03/02/18","Tuesday","February","West Brom","Southampton",2,3,"A",0,3,"A",1,2,"A","M Oliver",9,13,3,5,12,10,5,7,2,1,0,0,"17/18",1517644800,0,0,0.8,1,0.333333333333333,0.333333333333333,0.6,1.8,6,3,1.48,1.09,1,1
"3298","E0","04/02/18","Wednesday","February","Crystal Palace","Newcastle",1,1,"D",1,1,"D",0,1,"A","A Marriner",21,11,6,8,11,8,5,6,1,1,0,0,"17/18",1517731200,0,0,1.4,1.2,2,1.66666666666667,1.2,1.8,8,6,1.48,1.09,1,1
"3299","E0","04/02/18","Wednesday","February","Liverpool","Tottenham",2,2,"D",1,1,"D",1,0,"H","J Moss",9,13,3,6,15,9,3,7,3,1,0,0,"17/18",1517731200,1,1,2.4,1.6,2,1,1,1.2,11,8,1.7,1.18,2,1
"3301","E0","10/02/18","Thursday","February","Everton","Crystal Palace",3,1,"H",3,0,"H",0,0,"D","J Moss",11,16,5,4,14,15,8,7,1,1,0,0,"17/18",1518249600,0,0,1.2,1.6,1.33333333333333,1.66666666666667,1,1.4,8,8,1.48,1.09,1,1
"3302","E0","10/02/18","Thursday","February","Man City","Leicester",5,1,"H",3,0,"H",1,1,"D","M Jones",19,2,11,2,10,12,8,2,2,3,0,0,"17/18",1518249600,1,0,3.4,1.4,1.66666666666667,1.33333333333333,0.6,1.4,15,4,2.26,0.73,3,1
"3305","E0","10/02/18","Thursday","February","Tottenham","Arsenal",1,0,"H",3,0,"H",0,0,"D","A Taylor",18,6,6,1,13,9,10,2,2,1,0,0,"17/18",1518249600,1,1,2.8,1.2,2,1,0.6,1.6,13,5,1.7,1.18,2,1
"3308","E0","11/02/18","Friday","February","Newcastle","Man United",1,0,"H",3,0,"H",0,0,"D","C Pawson",10,13,3,6,12,15,0,10,0,2,0,0,"17/18",1518336000,0,1,0.4,1.4,1,2.66666666666667,0.8,1,3,10,1.06,1.81,1,2
"3309","E0","11/02/18","Friday","February","Southampton","Liverpool",0,2,"A",0,3,"A",0,2,"A","M Atkinson",6,16,4,4,5,8,3,1,1,2,0,0,"17/18",1518336000,0,1,1,2.4,1,1.33333333333333,1.8,1,3,10,1.06,1.81,1,2
"3310","E0","12/02/18","Saturday","February","Chelsea","West Brom",3,0,"H",3,0,"H",1,0,"H","L Mason",20,8,8,1,11,11,8,7,0,2,0,0,"17/18",1518422400,1,0,1.6,0.6,1.66666666666667,0.666666666666667,0.6,1.8,10,2,2.26,0.73,2,1
"3314","E0","24/02/18","Sunday","February","Leicester","Stoke",1,1,"D",1,1,"D",0,1,"A","M Oliver",19,6,9,2,10,16,13,1,1,3,0,0,"17/18",1519459200,0,0,1.6,0.4,1.66666666666667,0.333333333333333,1.2,2.4,8,1,1.48,1.09,1,1
"3315","E0","24/02/18","Sunday","February","Liverpool","West Ham",4,1,"H",3,0,"H",1,0,"H","S Attwell",21,7,12,4,7,7,8,2,0,2,0,0,"17/18",1519459200,1,0,2.6,2.4,1.33333333333333,1.66666666666667,1.2,1.6,11,8,2.26,0.73,3,1
"3318","E0","25/02/18","Tuesday","February","Crystal Palace","Tottenham",0,1,"A",0,3,"A",0,0,"D","K Friend",5,14,3,4,12,5,2,13,0,1,0,0,"17/18",1519545600,0,1,1.2,1.8,1,1.66666666666667,1,1.4,8,8,1.06,1.81,1,2
"3319","E0","25/02/18","Tuesday","February","Man United","Chelsea",2,1,"H",3,0,"H",1,1,"D","M Atkinson",10,14,5,7,13,12,3,4,2,2,0,0,"17/18",1519545600,1,1,1.6,2,1,0.333333333333333,0.4,1.4,11,8,1.7,1.18,2,1
"3320","E0","01/03/18","Sunday","March","Arsenal","Man City",0,3,"A",0,3,"A",0,3,"A","A Marriner",10,9,5,5,11,11,6,1,1,1,0,0,"17/18",1519891200,1,1,3,1.8,2,1.66666666666667,1.4,1,11,8,1.7,1.18,2,1
"3321","E0","03/03/18","Tuesday","March","Burnley","Everton",2,1,"H",3,0,"H",0,1,"A","C Kavanagh",21,10,8,4,9,12,10,4,1,1,0,1,"17/18",1520064000,0,0,0.6,0.4,1.33333333333333,1.33333333333333,1.6,2.4,2,1,1.48,1.09,1,1
"3323","E0","03/03/18","Tuesday","March","Liverpool","Newcastle",2,0,"H",3,0,"H",1,0,"H","G Scott",14,7,3,2,7,9,8,3,0,0,0,0,"17/18",1520064000,1,0,3.4,1.6,2,1,1.4,1.6,13,8,2.26,0.73,3,1
"3324","E0","03/03/18","Tuesday","March","Southampton","Stoke",0,0,"D",1,1,"D",0,0,"D","A Taylor",18,12,6,3,8,13,15,4,0,1,0,0,"17/18",1520064000,0,0,0.8,0.6,0.333333333333333,0.666666666666667,1.4,2.4,3,2,1.48,1.09,1,1
"3325","E0","03/03/18","Tuesday","March","Swansea","West Ham",4,1,"H",3,0,"H",2,0,"H","M Atkinson",9,7,8,2,9,14,4,5,0,3,0,0,"17/18",1520064000,0,0,1.2,2,0.666666666666667,1.66666666666667,0.8,2.4,10,5,1.48,1.09,1,1
"3329","E0","04/03/18","Thursday","March","Man City","Chelsea",1,0,"H",3,0,"H",0,0,"D","M Oliver",13,3,3,0,8,9,5,2,2,1,0,0,"17/18",1520150400,1,1,3.6,1.6,1.66666666666667,1.33333333333333,0.6,1.6,15,5,1.7,1.18,2,1
"3330","E0","05/03/18","Friday","March","Crystal Palace","Man United",2,3,"A",0,3,"A",1,0,"H","N Swarbrick",10,17,4,8,10,8,3,7,1,3,0,0,"17/18",1520236800,0,1,0.8,1,0.666666666666667,1.33333333333333,1,1,5,7,1.06,1.81,1,2
"3331","E0","10/03/18","Thursday","March","Chelsea","Crystal Palace",2,1,"H",3,0,"H",2,0,"H","A Taylor",27,9,11,2,8,9,12,3,1,2,0,0,"17/18",1520668800,1,0,2,1.2,1,1.33333333333333,0.6,2,10,5,2.26,0.73,2,1
"3334","E0","10/03/18","Thursday","March","Man United","Liverpool",2,1,"H",3,0,"H",2,0,"H","C Pawson",5,14,2,2,10,16,1,13,2,1,0,0,"17/18",1520668800,1,1,1.8,2,2.33333333333333,0.666666666666667,0.6,1,11,10,1.7,1.18,2,1
"3335","E0","10/03/18","Thursday","March","Newcastle","Southampton",3,0,"H",3,0,"H",2,0,"H","A Marriner",7,6,5,2,10,10,2,6,0,2,0,0,"17/18",1520668800,0,0,0.6,1.6,1.33333333333333,1.66666666666667,0.6,2,6,6,1.48,1.09,1,1
"3336","E0","10/03/18","Thursday","March","West Brom","Leicester",1,4,"A",0,3,"A",1,1,"D","R Madley",6,14,2,6,6,7,7,6,1,3,0,0,"17/18",1520668800,0,0,1.2,0.8,1.33333333333333,2.33333333333333,1.2,2.2,5,1,1.48,1.09,2,1
"3337","E0","10/03/18","Thursday","March","West Ham","Burnley",0,3,"A",0,3,"A",0,0,"D","L Mason",13,7,4,4,13,7,5,1,2,2,0,0,"17/18",1520668800,0,0,1.6,0.6,2.33333333333333,1,1.2,1,8,3,1.48,1.09,1,1
"3340","E0","12/03/18","Sunday","March","Stoke","Man City",0,2,"A",0,3,"A",0,1,"A","J Moss",3,17,0,6,6,8,3,10,1,0,0,0,"17/18",1520838000,0,1,1.2,1.6,1.33333333333333,2.66666666666667,0.6,1,8,8,1.06,1.81,1,2
"3344","E0","17/03/18","Saturday","March","Stoke","Everton",1,2,"A",0,3,"A",0,0,"D","M Atkinson",9,17,4,9,13,12,1,9,1,1,1,0,"17/18",1521270000,0,0,0.6,0.6,1,1.33333333333333,0.8,2.8,5,0,1.48,1.09,1,1
"3346","E0","31/03/18","Wednesday","March","Crystal Palace","Liverpool",1,2,"A",0,3,"A",1,0,"H","N Swarbrick",6,16,3,6,6,8,4,6,2,2,0,0,"17/18",1522479600,0,1,0.8,1.6,2,2.33333333333333,1,0.8,5,9,1.06,1.81,1,2
"3347","E0","31/03/18","Wednesday","March","Everton","Man City",1,3,"A",0,3,"A",0,3,"A","P Tierney",6,18,2,4,10,8,2,11,0,0,0,0,"17/18",1522479600,0,1,1.6,1.8,1.66666666666667,1,1,1,10,8,1.06,1.81,1,2
"3348","E0","31/03/18","Wednesday","March","Man United","Swansea",2,0,"H",3,0,"H",2,0,"H","R Madley",11,3,5,2,5,13,3,3,0,0,0,0,"17/18",1522479600,1,0,1.8,1,1.33333333333333,1.33333333333333,0.4,1.4,13,6,2.26,0.73,2,1
"3352","E0","31/03/18","Wednesday","March","West Ham","Southampton",3,0,"H",3,0,"H",3,0,"H","J Moss",13,9,5,0,9,16,5,9,0,3,0,0,"17/18",1522479600,0,0,1.2,1.2,1,2.33333333333333,1.2,1.6,8,6,1.48,1.09,1,1
"3353","E0","01/04/18","Wednesday","April","Arsenal","Stoke",3,0,"H",3,0,"H",0,0,"D","C Pawson",24,8,11,2,9,13,6,5,1,2,0,0,"17/18",1522566000,1,0,2.8,0.4,2.66666666666667,0.333333333333333,1.4,2.2,10,2,2.26,0.73,2,1
"3354","E0","01/04/18","Wednesday","April","Chelsea","Tottenham",1,3,"A",0,3,"A",1,1,"D","A Marriner",14,12,4,7,4,11,5,5,0,1,0,0,"17/18",1522566000,1,1,2,2,2.33333333333333,1,0.8,0.8,10,11,1.7,1.18,2,1
"3357","E0","07/04/18","Wednesday","April","Everton","Liverpool",0,0,"D",1,1,"D",0,0,"D","M Oliver",6,10,1,3,12,7,3,2,0,0,0,0,"17/18",1523084400,0,1,1.8,1.6,0.333333333333333,0.666666666666667,1.2,0.8,10,9,1.06,1.81,1,2
"3359","E0","07/04/18","Wednesday","April","Man City","Man United",2,3,"A",0,3,"A",2,0,"H","M Atkinson",20,5,6,4,17,9,8,4,6,3,0,0,"17/18",1523084400,1,1,3,1.2,0.333333333333333,0.333333333333333,0.6,1,15,9,1.7,1.18,2,1
"3360","E0","07/04/18","Wednesday","April","Stoke","Tottenham",1,2,"A",0,3,"A",0,0,"D","G Scott",10,15,4,4,19,8,6,3,4,3,0,0,"17/18",1523084400,0,1,0.8,2.2,1,2.66666666666667,1,1,5,11,1.06,1.81,1,2
"3362","E0","07/04/18","Wednesday","April","West Brom","Swansea",1,1,"D",1,1,"D",0,0,"D","R East",15,7,3,1,15,5,5,1,3,2,0,0,"17/18",1523084400,0,0,1.4,0.6,2,0.666666666666667,2.2,1.6,3,3,1.48,1.09,1,1
"3363","E0","08/04/18","Friday","April","Arsenal","Southampton",3,2,"H",3,0,"H",2,1,"H","A Marriner",13,15,7,8,11,7,8,6,2,1,1,1,"17/18",1523170800,1,0,3,1.2,1,0.333333333333333,1,2.2,12,5,2.26,0.73,2,1
"3364","E0","08/04/18","Friday","April","Chelsea","West Ham",1,1,"D",1,1,"D",1,0,"H","K Friend",23,5,6,2,7,11,10,6,0,1,0,0,"17/18",1523170800,1,0,1.2,1.6,2,1,1.4,2.6,7,4,2.26,0.73,2,1
"3369","E0","14/04/18","Friday","April","Southampton","Chelsea",2,3,"A",0,3,"A",1,0,"H","M Dean",10,17,7,5,13,14,4,7,5,3,0,0,"17/18",1523689200,0,1,0.6,1.6,0.666666666666667,1.66666666666667,1.2,1.8,3,4,1.06,1.81,1,2
"3370","E0","14/04/18","Friday","April","Swansea","Everton",1,1,"D",1,1,"D",0,1,"A","L Mason",17,12,7,3,10,11,6,3,1,1,0,0,"17/18",1523689200,0,0,1.8,0.8,0.666666666666667,0.333333333333333,0.8,2.6,12,3,1.48,1.09,1,1
"3371","E0","14/04/18","Friday","April","Tottenham","Man City",1,3,"A",0,3,"A",1,2,"A","J Moss",8,17,3,6,11,12,5,7,3,4,0,0,"17/18",1523689200,1,1,2,2.4,2,0.666666666666667,0.2,1.2,13,10,1.7,1.18,2,1
"3372","E0","15/04/18","Saturday","April","Man United","West Brom",0,1,"A",0,3,"A",0,0,"D","P Tierney",14,10,4,4,8,13,4,4,1,1,0,0,"17/18",1523775600,1,0,2.2,0.4,0.666666666666667,0.333333333333333,0.4,2,15,1,2.26,0.73,2,1
"3373","E0","15/04/18","Saturday","April","Newcastle","Arsenal",2,1,"H",3,0,"H",1,1,"D","A Taylor",8,15,4,3,11,9,2,5,1,0,0,0,"17/18",1523775600,0,1,1.4,0.8,0.333333333333333,1.33333333333333,0.4,1.8,11,1,1.06,1.81,1,2
"3374","E0","16/04/18","Monday","April","West Ham","Stoke",1,1,"D",1,1,"D",0,0,"D","M Oliver",18,11,6,7,15,21,10,1,2,3,0,0,"17/18",1523862000,0,0,1.4,0.4,0.666666666666667,0.666666666666667,1,1.8,8,2,1.48,1.09,1,1
"3377","E0","19/04/18","Thursday","April","Burnley","Chelsea",1,2,"A",0,3,"A",0,1,"A","R Madley",5,16,2,5,9,11,3,2,1,0,0,0,"17/18",1524121200,0,1,1.2,1.8,1,2,1,1.8,8,6,1.06,1.81,1,2
"3378","E0","19/04/18","Thursday","April","Leicester","Southampton",0,0,"D",1,1,"D",0,0,"D","R East",11,6,3,2,10,10,11,3,0,0,0,0,"17/18",1524121200,0,0,1.2,1.2,1,0,1,2.4,6,4,1.48,1.09,1,1
"3380","E0","21/04/18","Sunday","April","West Brom","Liverpool",2,2,"D",1,1,"D",0,1,"A","S Attwell",13,9,6,3,12,5,7,4,0,1,0,0,"17/18",1524294000,0,1,1.2,1.6,0.333333333333333,0.666666666666667,2.4,0.6,1,10,1.06,1.81,1,2
"3381","E0","22/04/18","Monday","April","Arsenal","West Ham",4,1,"H",3,0,"H",0,0,"D","L Mason",20,11,8,4,11,9,8,6,3,2,0,0,"17/18",1524380400,1,0,2.8,1.6,2,0.666666666666667,1.2,2.6,12,4,2.26,0.73,3,1
"3382","E0","22/04/18","Monday","April","Man City","Swansea",5,0,"H",3,0,"H",2,0,"H","C Pawson",19,4,12,1,6,8,5,1,0,1,0,0,"17/18",1524380400,1,0,2.8,0.6,2,1,1,1.6,12,3,2.26,0.73,3,1
"3383","E0","22/04/18","Monday","April","Stoke","Burnley",1,1,"D",1,1,"D",1,0,"H","M Dean",8,16,3,7,15,5,3,8,2,1,0,0,"17/18",1524380400,0,0,0.6,1.6,1.66666666666667,0.666666666666667,1.4,0.8,2,10,1.48,1.09,1,1
"3384","E0","23/04/18","Tuesday","April","Everton","Newcastle",1,0,"H",3,0,"H",0,0,"D","R Madley",9,9,1,2,10,11,4,6,2,1,0,0,"17/18",1524466800,0,0,1.6,1.2,3,0.666666666666667,1,1.8,10,5,1.48,1.09,1,1
"3386","E0","28/04/18","Tuesday","April","Crystal Palace","Leicester",5,0,"H",3,0,"H",2,0,"H","M Dean",15,6,9,1,11,9,8,2,1,1,0,1,"17/18",1524898800,0,0,1.4,1.8,1.33333333333333,1,1.8,2,4,6,1.48,1.09,1,1
"3388","E0","28/04/18","Tuesday","April","Liverpool","Stoke",0,0,"D",1,1,"D",0,0,"D","A Marriner",20,5,2,1,7,14,9,2,1,2,0,0,"17/18",1524898800,1,0,3.2,0.6,3,0.666666666666667,0.6,1.4,13,3,2.26,0.73,3,1
"3389","E0","28/04/18","Tuesday","April","Newcastle","West Brom",0,1,"A",0,3,"A",0,1,"A","D Coote",17,9,2,2,8,13,5,1,1,3,0,0,"17/18",1524898800,0,0,1.6,0.4,1.33333333333333,0.666666666666667,0.4,1.8,13,3,1.48,1.09,1,1
"3391","E0","28/04/18","Tuesday","April","Swansea","Chelsea",0,1,"A",0,3,"A",0,1,"A","J Moss",10,11,3,3,13,9,1,2,1,1,0,0,"17/18",1524898800,0,1,2,1.4,1,2.33333333333333,0.6,2,13,6,1.06,1.81,1,2
"3392","E0","29/04/18","Wednesday","April","Man United","Arsenal",2,1,"H",3,0,"H",1,0,"H","K Friend",17,8,3,3,12,7,9,0,0,1,0,0,"17/18",1524985200,1,1,1.6,0.8,1.66666666666667,1.33333333333333,0.6,2,12,0,1.7,1.18,2,1
"3393","E0","29/04/18","Wednesday","April","West Ham","Man City",1,4,"A",0,3,"A",1,2,"A","N Swarbrick",4,19,1,7,5,11,0,7,0,1,0,0,"17/18",1524985200,0,1,1.4,2.4,1.33333333333333,2.33333333333333,1,0.6,8,13,1.06,1.81,1,2
"3397","E0","05/05/18","Wednesday","May","Everton","Southampton",1,1,"D",1,1,"D",0,0,"D","J Moss",9,11,3,5,14,12,3,4,2,4,0,1,"17/18",1525503600,0,0,1.4,0.6,1.66666666666667,0.333333333333333,0.8,2,10,2,1.48,1.09,1,1
"3398","E0","05/05/18","Wednesday","May","Leicester","West Ham",0,2,"A",0,3,"A",0,1,"A","C Kavanagh",13,13,2,3,8,9,8,3,1,2,0,0,"17/18",1525503600,0,0,0.8,1,1.66666666666667,1,1,3.2,4,1,1.48,1.09,1,1
"3399","E0","05/05/18","Wednesday","May","Stoke","Crystal Palace",1,2,"A",0,3,"A",1,0,"H","M Atkinson",7,13,2,2,18,12,1,7,5,2,0,0,"17/18",1525503600,0,0,0.8,1.2,1,1.33333333333333,1.6,1.4,2,5,1.48,1.09,1,1
"3401","E0","05/05/18","Wednesday","May","West Brom","Tottenham",1,0,"H",3,0,"H",0,0,"D","M Jones",9,18,1,5,13,12,5,9,4,1,0,0,"17/18",1525503600,0,1,1.2,2.2,0.666666666666667,1.66666666666667,2.2,0.8,2,13,1.06,1.81,1,2
"3402","E0","06/05/18","Thursday","May","Arsenal","Burnley",5,0,"H",3,0,"H",2,0,"H","A Marriner",16,6,8,2,6,7,4,5,0,1,0,0,"17/18",1525590000,1,0,2.6,1.6,2.66666666666667,0.666666666666667,1.2,0.8,12,10,2.26,0.73,2,1
"3403","E0","06/05/18","Thursday","May","Chelsea","Liverpool",1,0,"H",3,0,"H",1,0,"H","A Taylor",12,10,4,5,12,9,3,1,3,2,0,0,"17/18",1525590000,1,1,1.4,1.4,1,2,1.6,1,7,8,1.7,1.18,2,1
"3405","E0","08/05/18","Sunday","May","Swansea","Southampton",0,1,"A",0,3,"A",0,0,"D","M Oliver",11,13,3,8,7,15,7,6,2,1,0,0,"17/18",1525762800,0,0,1.8,0.6,0.666666666666667,1,0.8,2,10,2,1.48,1.09,2,1
"3407","E0","09/05/18","Monday","May","Leicester","Arsenal",3,1,"H",3,0,"H",1,0,"H","G Scott",19,14,10,7,7,12,6,6,2,2,0,1,"17/18",1525849200,0,1,0.6,0.8,1,2,1.2,2,3,0,1.06,1.81,1,2
"3409","E0","09/05/18","Monday","May","Tottenham","Newcastle",1,0,"H",3,0,"H",0,0,"D","N Swarbrick",11,14,7,3,10,8,6,4,2,3,0,0,"17/18",1525849200,1,0,1.6,1,0.666666666666667,1.66666666666667,0.6,1.6,12,4,2.26,0.73,2,1
"3410","E0","10/05/18","Tuesday","May","West Ham","Man United",0,0,"D",1,1,"D",0,0,"D","J Moss",9,16,2,6,12,12,1,6,1,1,0,0,"17/18",1525935600,0,1,1.4,1.6,1.33333333333333,1.66666666666667,1.6,1.2,7,9,1.06,1.81,1,2
"3412","E0","13/05/18","Saturday","May","Crystal Palace","West Brom",2,0,"H",3,0,"H",0,0,"D","J Moss",11,7,5,1,10,11,4,2,2,3,0,0,"17/18",1526194800,0,0,2.2,0.6,0.666666666666667,1,1.6,1.2,6,6,1.48,1.09,1,1
"3416","E0","13/05/18","Saturday","May","Newcastle","Chelsea",3,0,"H",3,0,"H",1,0,"H","M Atkinson",16,6,6,2,11,10,4,2,0,1,0,0,"17/18",1526194800,0,1,1.4,1.4,2,1,0.4,1.2,12,9,1.06,1.81,1,1
"3417","E0","13/05/18","Saturday","May","Southampton","Man City",0,1,"A",0,3,"A",0,0,"D","A Marriner",8,13,3,2,8,10,1,12,3,1,0,0,"17/18",1526194800,0,1,1,3,1.33333333333333,2.66666666666667,1.4,0.6,5,15,1.06,1.81,1,2
"3418","E0","13/05/18","Saturday","May","Swansea","Stoke",1,2,"A",0,3,"A",1,2,"A","A Taylor",26,8,11,5,12,9,6,0,1,2,0,0,"17/18",1526194800,0,0,1.2,0.4,1.33333333333333,0.333333333333333,0.8,1,7,4,1.48,1.09,1,1
"3419","E0","13/05/18","Saturday","May","Tottenham","Leicester",5,4,"H",3,0,"H",1,2,"A","C Pawson",14,16,6,9,9,13,4,4,1,2,0,0,"17/18",1526194800,1,0,1.4,1.6,1.66666666666667,1.66666666666667,0.6,2.6,12,6,2.26,0.73,2,1
"3420","E0","13/05/18","Saturday","May","West Ham","Everton",3,1,"H",3,0,"H",1,0,"H","G Scott",15,14,4,7,10,13,6,6,0,1,0,0,"17/18",1526194800,0,0,1,1.2,0.666666666666667,1,1.6,1,5,7,1.48,1.09,1,1
"3521","E0","03/11/2018","03/11/2018","03/11/2018","Arsenal","Liverpool",1,1,"D",1,1,"D",0,0,"D","A Marriner",12,13,4,4,7,7,5,8,1,1,0,0,"18/19",1541228400,1,1,2,1.6,2,2.33333333333333,0.8,0.6,12,13,1.7,1.18,2,1
"3522","E0","03/11/2018","03/11/2018","03/11/2018","Bournemouth","Man United",1,2,"A",0,3,"A",1,1,"D","P Tierney",18,18,7,8,12,12,9,5,4,3,0,0,"18/19",1541228400,0,1,2,1.8,1,2,1,1.8,11,7,1.06,1.81,1,2
"3526","E0","03/11/2018","03/11/2018","03/11/2018","West Ham","Burnley",4,2,"H",3,0,"H",1,1,"D","R East",22,6,10,3,7,9,10,4,1,4,0,0,"18/19",1541228400,0,0,0.8,0.8,0.666666666666667,1,1,2.2,4,4,1.48,1.09,1,1
"3527","E0","03/11/2018","03/11/2018","03/11/2018","Wolves","Tottenham",2,3,"A",0,3,"A",0,2,"A","M Dean",16,10,7,8,11,8,5,1,1,2,0,0,"18/19",1541228400,0,1,1.2,1.8,1.33333333333333,1.66666666666667,1,0.6,8,12,1.06,1.81,1,2
"3528","E0","04/11/2018","04/11/2018","04/11/2018","Chelsea","Crystal Palace",3,1,"H",3,0,"H",1,0,"H","M Oliver",15,7,6,2,6,13,4,2,0,1,0,0,"18/19",1541314800,1,0,2.4,1,1.33333333333333,1.66666666666667,1.2,1.2,11,6,2.26,0.73,2,1
"3529","E0","04/11/2018","04/11/2018","04/11/2018","Man City","Southampton",6,1,"H",3,0,"H",4,1,"H","L Mason",18,12,8,6,14,9,4,4,1,1,0,0,"18/19",1541314800,1,0,3.6,0.6,2,1,0.4,1.4,15,4,2.26,0.73,3,1
"3532","E0","10/11/2018","10/11/2018","10/11/2018","Crystal Palace","Tottenham",0,1,"A",0,3,"A",0,0,"D","J Moss",11,11,4,2,12,9,10,6,1,1,0,0,"18/19",1541836800,0,1,0.4,1.8,0.333333333333333,1.66666666666667,1.4,1,2,12,1.06,1.81,1,2
"3534","E0","10/11/2018","10/11/2018","10/11/2018","Leicester","Burnley",0,0,"D",1,1,"D",0,0,"D","M Dean",22,6,5,1,13,10,12,1,2,0,0,0,"18/19",1541836800,0,0,1.6,1.2,2,0.666666666666667,1.2,3,7,3,1.48,1.09,2,1
"3536","E0","10/11/2018","10/11/2018","10/11/2018","Southampton","Watford",1,1,"D",1,1,"D",1,0,"H","S Hooper",14,12,4,6,13,13,7,6,3,2,0,0,"18/19",1541836800,0,0,0.6,1.2,1,1,1.4,1,3,7,1.48,1.09,1,1
"3537","E0","11/11/2018","11/11/2018","11/11/2018","Arsenal","Wolves",1,1,"D",1,1,"D",0,1,"A","S Attwell",10,12,3,5,9,16,11,2,2,2,0,0,"18/19",1541923200,1,0,2.2,0.6,1.33333333333333,0.333333333333333,0.6,0.8,13,7,2.26,0.73,2,1
"3538","E0","11/11/2018","11/11/2018","11/11/2018","Chelsea","Everton",0,0,"D",1,1,"D",0,0,"D","K Friend",15,6,4,1,7,11,5,5,4,3,0,0,"18/19",1541923200,1,0,2.4,1.4,3.33333333333333,1,1,1.8,11,5,2.26,0.73,3,1
"3539","E0","11/11/2018","11/11/2018","11/11/2018","Liverpool","Fulham",2,0,"H",3,0,"H",1,0,"H","P Tierney",20,8,7,3,11,9,6,3,1,1,0,0,"18/19",1541923200,1,0,2.4,0.8,2.66666666666667,0.333333333333333,0.2,2.6,13,1,2.26,0.73,3,1
"3540","E0","11/11/2018","11/11/2018","11/11/2018","Man City","Man United",3,1,"H",3,0,"H",1,0,"H","A Taylor",17,6,5,1,12,12,5,1,1,1,0,0,"18/19",1541923200,1,1,3.6,1.8,0.666666666666667,1.33333333333333,0.4,1.4,15,10,1.7,1.18,2,1
"3544","E0","24/11/2018","24/11/2018","24/11/2018","Man United","Crystal Palace",0,0,"D",1,1,"D",0,0,"D","L Mason",12,13,5,2,13,12,10,3,1,2,0,0,"18/19",1543046400,1,0,1.6,0.8,2.66666666666667,0,1.6,1.8,10,3,2.26,0.73,2,1
"3546","E0","24/11/2018","24/11/2018","24/11/2018","Watford","Liverpool",0,3,"A",0,3,"A",0,0,"D","J Moss",5,10,1,7,12,13,5,5,0,0,0,1,"18/19",1543046400,0,1,1.6,1.4,2,1.33333333333333,1.6,0.8,9,11,1.06,1.81,1,2
"3547","E0","24/11/2018","24/11/2018","24/11/2018","West Ham","Man City",0,4,"A",0,3,"A",0,3,"A","A Marriner",9,9,1,6,6,3,8,1,0,0,0,0,"18/19",1543046400,0,1,1.4,1.8,1,3.33333333333333,1,0.2,7,11,1.06,1.81,1,2
"3548","E0","25/11/2018","25/11/2018","25/11/2018","Bournemouth","Arsenal",1,2,"A",0,3,"A",1,1,"D","C Pawson",11,20,5,4,6,9,5,8,2,1,0,0,"18/19",1543132800,0,1,1.8,2.8,1.66666666666667,2,1.4,1.8,8,10,1.06,1.81,1,2
"3552","E0","01/12/2018","01/12/2018","01/12/2018","Crystal Palace","Burnley",2,0,"H",3,0,"H",1,0,"H","L Probert",29,4,9,0,9,10,10,2,1,1,0,0,"18/19",1543651200,0,0,0.4,0.8,0.333333333333333,0.666666666666667,1.2,2.2,2,4,1.48,1.09,1,1
"3554","E0","01/12/2018","01/12/2018","01/12/2018","Leicester","Watford",2,0,"H",3,0,"H",2,0,"H","G Scott",7,8,3,0,7,6,4,8,2,1,0,1,"18/19",1543651200,0,0,1.2,0.8,2.33333333333333,0.333333333333333,1.2,1,5,5,1.48,1.09,1,1
"3555","E0","01/12/2018","01/12/2018","01/12/2018","Man City","Bournemouth",3,1,"H",3,0,"H",1,1,"D","S Attwell",16,4,6,1,9,3,8,4,0,0,0,0,"18/19",1543651200,1,0,3.8,1.6,4.33333333333333,0.333333333333333,0.4,1.6,15,6,2.26,0.73,3,1
"3556","E0","01/12/2018","01/12/2018","01/12/2018","Newcastle","West Ham",0,3,"A",0,3,"A",0,1,"A","P Tierney",16,7,4,4,10,10,7,3,3,3,0,0,"18/19",1543651200,0,0,0.8,1.2,2.33333333333333,0.333333333333333,1.2,1.4,6,5,1.48,1.09,1,1
"3557","E0","01/12/2018","01/12/2018","01/12/2018","Southampton","Man United",2,2,"D",1,1,"D",2,2,"D","K Friend",16,11,6,5,12,13,3,5,4,4,0,0,"18/19",1543651200,0,1,0.8,1.6,0.666666666666667,1.33333333333333,1.6,2,3,7,1.06,1.81,1,2
"3558","E0","02/12/2018","02/12/2018","02/12/2018","Arsenal","Tottenham",4,2,"H",3,0,"H",1,2,"A","M Dean",22,11,7,6,15,17,8,5,3,3,0,1,"18/19",1543737600,1,1,1.8,1.8,1.33333333333333,0.666666666666667,0.6,0.6,11,15,1.7,1.18,2,1
"3559","E0","02/12/2018","02/12/2018","02/12/2018","Chelsea","Fulham",2,0,"H",3,0,"H",1,0,"H","C Pawson",16,9,9,4,8,17,4,6,2,1,0,0,"18/19",1543737600,1,0,2,0.4,1,0.333333333333333,1,2.6,9,0,2.26,0.73,2,1
"3560","E0","02/12/2018","02/12/2018","02/12/2018","Liverpool","Everton",1,0,"H",3,0,"H",0,0,"D","C Kavanagh",16,9,3,3,12,7,8,1,3,2,0,0,"18/19",1543737600,1,0,2,1,2.66666666666667,0.666666666666667,0.2,1.4,13,5,2.26,0.73,2,1
"3563","E0","04/12/2018","04/12/2018","04/12/2018","Watford","Man City",1,2,"A",0,3,"A",0,1,"A","P Tierney",11,15,7,7,4,8,3,11,0,1,0,0,"18/19",1543910400,0,1,1.2,2.2,0.333333333333333,4.33333333333333,2,0.2,6,11,1.06,1.81,1,2
"3565","E0","05/12/2018","05/12/2018","05/12/2018","Burnley","Liverpool",1,3,"A",0,3,"A",0,0,"D","S Attwell",10,18,6,12,10,3,5,9,1,0,0,0,"18/19",1543996800,0,1,1.2,1.6,1,1,1.8,0.6,4,11,1.06,1.81,1,2
"3566","E0","05/12/2018","05/12/2018","05/12/2018","Everton","Newcastle",1,1,"D",1,1,"D",1,1,"D","L Mason",19,8,3,5,7,18,14,2,0,5,0,0,"18/19",1543996800,0,0,2,1,2.33333333333333,0,0.8,1.2,12,5,1.48,1.09,1,1
"3568","E0","05/12/2018","05/12/2018","05/12/2018","Man United","Arsenal",2,2,"D",1,1,"D",1,1,"D","A Marriner",10,9,7,4,13,10,4,4,3,3,0,0,"18/19",1543996800,1,1,1.2,2.8,2,1.33333333333333,1.4,1.4,8,13,1.7,1.18,1,1
"3569","E0","05/12/2018","05/12/2018","05/12/2018","Tottenham","Southampton",3,1,"H",3,0,"H",1,0,"H","A Taylor",13,18,8,5,7,5,8,6,0,0,0,0,"18/19",1543996800,1,0,1.6,0.6,2.66666666666667,1.66666666666667,1,2.8,9,1,2.26,0.73,2,1
"3570","E0","05/12/2018","05/12/2018","05/12/2018","Wolves","Chelsea",2,1,"H",3,0,"H",0,1,"A","J Moss",6,17,2,3,18,10,1,5,4,4,0,0,"18/19",1543996800,0,1,1,2,0.666666666666667,1.33333333333333,1.4,0.8,6,10,1.06,1.81,1,2
"3572","E0","08/12/2018","08/12/2018","08/12/2018","Bournemouth","Liverpool",0,4,"A",0,3,"A",0,1,"A","L Mason",8,10,2,4,9,11,6,6,2,1,0,0,"18/19",1544256000,0,1,1.2,1.8,1.66666666666667,3,1.2,0.6,7,11,1.06,1.81,1,2
"3575","E0","08/12/2018","08/12/2018","08/12/2018","Chelsea","Man City",2,0,"H",3,0,"H",1,0,"H","M Oliver",8,14,5,4,12,11,1,13,2,0,0,0,"18/19",1544256000,1,1,1.6,2.4,0.666666666666667,1.66666666666667,0.8,0.2,9,13,1.7,1.18,2,1
"3576","E0","08/12/2018","08/12/2018","08/12/2018","Leicester","Tottenham",0,2,"A",0,3,"A",0,1,"A","C Pawson",11,7,3,2,12,7,6,5,3,1,0,0,"18/19",1544256000,0,1,1.4,1.8,1.33333333333333,2.66666666666667,0.8,1.2,8,12,1.06,1.81,1,2
"3577","E0","08/12/2018","08/12/2018","08/12/2018","Man United","Fulham",4,1,"H",3,0,"H",3,0,"H","L Probert",20,10,11,4,11,15,10,3,1,1,0,1,"18/19",1544256000,1,0,1.6,0.4,2,1.33333333333333,1.2,2.4,9,0,2.26,0.73,2,1
"3578","E0","08/12/2018","08/12/2018","08/12/2018","West Ham","Crystal Palace",3,2,"H",3,0,"H",0,1,"A","A Taylor",13,8,6,4,10,8,5,3,1,2,0,0,"18/19",1544256000,0,0,2,0.6,2,1,1.8,2,9,1,1.48,1.09,1,1
"3580","E0","10/12/2018","10/12/2018","10/12/2018","Everton","Watford",2,2,"D",1,1,"D",1,0,"H","K Friend",12,15,5,3,13,13,6,6,1,1,0,0,"18/19",1544428800,0,0,2,0.6,2,1.33333333333333,0.4,1.2,13,4,1.48,1.09,2,1
"3581","E0","15/12/2018","15/12/2018","15/12/2018","Crystal Palace","Leicester",1,0,"H",3,0,"H",1,0,"H","M Oliver",8,12,1,2,10,8,4,4,2,1,0,0,"18/19",1544860800,0,0,0.8,1.2,2.33333333333333,1,0.8,1,5,8,1.48,1.09,1,1
"3582","E0","15/12/2018","15/12/2018","15/12/2018","Fulham","West Ham",0,2,"A",0,3,"A",0,2,"A","M Dean",16,6,4,3,14,10,6,4,2,1,0,0,"18/19",1544860800,0,0,1.2,1.6,2,1.66666666666667,2.4,0.8,5,8,1.48,1.09,1,1
"3584","E0","15/12/2018","15/12/2018","15/12/2018","Man City","Everton",3,1,"H",3,0,"H",1,0,"H","C Pawson",13,9,5,2,7,9,6,2,1,2,0,0,"18/19",1544860800,1,0,3.8,0.6,0.666666666666667,0.666666666666667,0.6,1.2,15,4,2.26,0.73,3,1
"3585","E0","15/12/2018","15/12/2018","15/12/2018","Tottenham","Burnley",1,0,"H",3,0,"H",0,0,"D","G Scott",15,4,3,0,7,8,8,3,0,2,0,0,"18/19",1544860800,1,0,1.6,0.8,1.66666666666667,1,1,2.4,9,4,2.26,0.73,2,1
"3589","E0","16/12/2018","16/12/2018","16/12/2018","Liverpool","Man United",3,1,"H",3,0,"H",1,1,"D","M Atkinson",36,6,11,2,6,14,13,2,0,2,0,0,"18/19",1544947200,1,1,2,1.6,0,0.333333333333333,0.2,2.2,13,5,1.7,1.18,2,1
"3590","E0","16/12/2018","16/12/2018","16/12/2018","Southampton","Arsenal",3,2,"H",3,0,"H",2,1,"H","C Kavanagh",12,13,7,4,12,10,4,5,3,1,0,0,"18/19",1544947200,0,1,1,2.6,1.66666666666667,1,1.6,1.4,4,11,1.06,1.81,1,2
"3591","E0","21/12/2018","21/12/2018","21/12/2018","Wolves","Liverpool",0,2,"A",0,3,"A",0,1,"A","C Pawson",11,15,5,6,7,3,1,10,0,0,0,0,"18/19",1545379200,0,1,1.2,2.4,0,2,1.6,0.4,6,13,1.06,1.81,1,2
"3592","E0","22/12/2018","22/12/2018","22/12/2018","Arsenal","Burnley",3,1,"H",3,0,"H",1,0,"H","K Friend",10,7,6,2,10,14,1,3,2,5,0,0,"18/19",1545465600,1,0,2,0.4,3.33333333333333,0.333333333333333,1,2.4,11,1,2.26,0.73,2,1
"3595","E0","22/12/2018","22/12/2018","22/12/2018","Chelsea","Leicester",0,1,"A",0,3,"A",0,0,"D","L Probert",17,8,5,3,10,9,9,5,0,2,0,0,"18/19",1545465600,1,0,1.8,0.8,1.33333333333333,0.333333333333333,0.6,1.2,11,5,2.26,0.73,2,1
"3597","E0","22/12/2018","22/12/2018","22/12/2018","Man City","Crystal Palace",2,3,"A",0,3,"A",1,2,"A","A Marriner",19,5,5,3,7,6,13,0,0,4,0,0,"18/19",1545465600,1,0,4,0.8,4.66666666666667,0,0.8,2.2,15,1,2.26,0.73,3,1
"3598","E0","22/12/2018","22/12/2018","22/12/2018","Newcastle","Fulham",0,0,"D",1,1,"D",0,0,"D","M Atkinson",9,4,0,2,9,12,6,0,1,2,0,0,"18/19",1545465600,0,0,0.8,0.6,1.33333333333333,0.333333333333333,1.4,2.6,6,0,1.48,1.09,1,1
"3599","E0","22/12/2018","22/12/2018","22/12/2018","West Ham","Watford",0,2,"A",0,3,"A",0,1,"A","L Mason",18,11,7,5,9,11,10,4,3,2,0,0,"18/19",1545465600,0,0,2,1,2.33333333333333,1.66666666666667,2,1.2,9,5,1.48,1.09,1,1
"3600","E0","23/12/2018","23/12/2018","23/12/2018","Everton","Tottenham",2,6,"A",0,3,"A",1,3,"A","P Tierney",10,17,3,8,13,9,2,1,0,2,0,0,"18/19",1545552000,0,1,1.8,1.8,0.666666666666667,1.66666666666667,0.8,1.2,11,12,1.06,1.81,1,2
"3602","E0","26/12/2018","26/12/2018","26/12/2018","Burnley","Everton",1,5,"A",0,3,"A",1,3,"A","M Oliver",11,13,4,6,11,19,5,7,2,4,0,0,"18/19",1545811200,0,0,0.8,0.8,1.66666666666667,1.66666666666667,2,1.4,4,4,1.48,1.09,1,1
"3604","E0","26/12/2018","26/12/2018","26/12/2018","Fulham","Wolves",1,1,"D",1,1,"D",0,0,"D","A Marriner",11,14,9,5,9,6,2,0,2,1,0,0,"18/19",1545811200,0,0,1,1,2.33333333333333,0.333333333333333,2.6,1,4,7,1.48,1.09,1,1
"3605","E0","26/12/2018","26/12/2018","26/12/2018","Leicester","Man City",2,1,"H",3,0,"H",1,1,"D","M Dean",10,11,5,4,5,8,3,7,2,2,0,1,"18/19",1545811200,0,1,0.8,1.4,1.33333333333333,1.33333333333333,1,0.6,5,10,1.06,1.81,1,2
"3606","E0","26/12/2018","26/12/2018","26/12/2018","Liverpool","Newcastle",4,0,"H",3,0,"H",1,0,"H","G Scott",16,6,8,2,7,9,10,2,0,0,0,0,"18/19",1545811200,1,0,2,1.2,2,0.666666666666667,0.4,1,13,8,2.26,0.73,2,1
"3608","E0","26/12/2018","26/12/2018","26/12/2018","Tottenham","Bournemouth",5,0,"H",3,0,"H",3,0,"H","C Kavanagh",10,14,7,4,4,8,3,4,2,1,0,0,"18/19",1545811200,1,0,1.6,1.8,2.66666666666667,0,0.6,1.4,12,6,2.26,0.73,2,1
"3609","E0","26/12/2018","26/12/2018","26/12/2018","Watford","Chelsea",1,2,"A",0,3,"A",1,1,"D","M Atkinson",10,10,2,4,15,5,3,4,1,0,0,0,"18/19",1545811200,0,1,1.4,2.2,1.66666666666667,1,2.2,1.2,6,9,1.06,1.81,1,2
"3610","E0","27/12/2018","27/12/2018","27/12/2018","Southampton","West Ham",1,2,"A",0,3,"A",0,0,"D","C Pawson",11,16,5,5,10,3,4,5,2,0,0,0,"18/19",1545897600,0,0,1.2,1.4,1.66666666666667,1.66666666666667,1.6,0.6,6,8,1.48,1.09,1,1
"3614","E0","29/12/2018","29/12/2018","29/12/2018","Liverpool","Arsenal",5,1,"H",3,0,"H",4,1,"H","M Oliver",15,8,10,2,8,13,5,3,1,2,0,0,"18/19",1546070400,1,1,2.8,1.8,3.33333333333333,1.33333333333333,0.4,1.8,15,6,1.7,1.18,2,1
"3615","E0","29/12/2018","29/12/2018","29/12/2018","Tottenham","Wolves",1,3,"A",0,3,"A",1,0,"H","S Attwell",10,11,3,4,7,7,6,7,3,2,0,0,"18/19",1546070400,1,0,2.4,1,1.33333333333333,1,0.6,1.2,12,5,2.26,0.73,2,1
"3617","E0","30/12/2018","30/12/2018","30/12/2018","Burnley","West Ham",2,0,"H",3,0,"H",2,0,"H","D Coote",17,11,5,4,15,11,5,5,1,4,0,0,"18/19",1546156800,0,0,0.8,1.8,1,2,2.8,0.6,3,11,1.48,1.09,1,2
"3618","E0","30/12/2018","30/12/2018","30/12/2018","Crystal Palace","Chelsea",0,1,"A",0,3,"A",0,0,"D","C Pawson",4,12,0,4,11,8,3,4,0,1,0,0,"18/19",1546156800,0,1,1,2,0.666666666666667,1.66666666666667,0.6,1.4,8,9,1.06,1.81,1,2
"3619","E0","30/12/2018","30/12/2018","30/12/2018","Man United","Bournemouth",4,1,"H",3,0,"H",3,1,"H","L Mason",11,7,8,3,10,7,4,5,2,0,1,0,"18/19",1546156800,1,0,2.2,1,1.66666666666667,0.666666666666667,1,2.4,11,3,2.26,0.73,2,1
"3620","E0","30/12/2018","30/12/2018","30/12/2018","Southampton","Man City",1,3,"A",0,3,"A",1,3,"A","P Tierney",5,14,4,6,11,10,3,8,2,3,1,0,"18/19",1546156800,0,1,1.4,1.6,1.33333333333333,2,1.4,1,6,9,1.06,1.81,1,2
"3621","E0","01/01/2019","01/01/2019","01/01/2019","Arsenal","Fulham",4,1,"H",3,0,"H",1,0,"H","G Scott",16,9,9,4,7,12,8,3,0,1,0,0,"18/19",1546329600,1,0,2,0.2,2,1.33333333333333,1,1.8,11,1,2.26,0.73,2,1
"3623","E0","01/01/2019","01/01/2019","01/01/2019","Everton","Leicester",0,1,"A",0,3,"A",0,0,"D","M Atkinson",17,8,2,4,5,8,6,5,3,1,0,0,"18/19",1546329600,0,0,1.8,0.8,2.66666666666667,2,2,0.6,8,8,1.48,1.09,1,1
"3624","E0","02/01/2019","02/01/2019","02/01/2019","Bournemouth","Watford",3,3,"D",1,1,"D",3,3,"D","D Coote",25,11,12,3,9,15,4,2,1,4,0,0,"18/19",1546416000,0,0,1.2,1,1,1.66666666666667,1.8,1.2,6,5,1.48,1.09,1,1
"3625","E0","02/01/2019","02/01/2019","02/01/2019","Chelsea","Southampton",0,0,"D",1,1,"D",0,0,"D","J Moss",17,6,6,2,8,11,7,2,1,2,0,0,"18/19",1546416000,1,0,1.4,1.4,2,1.66666666666667,0.4,2.8,10,3,2.26,0.73,2,1
"3627","E0","02/01/2019","02/01/2019","02/01/2019","Newcastle","Man United",0,2,"A",0,3,"A",0,0,"D","A Marriner",14,16,3,7,10,9,1,2,1,2,0,0,"18/19",1546416000,0,1,0.8,2.2,1.33333333333333,1.33333333333333,1.2,2,7,7,1.06,1.81,1,2
"3630","E0","03/01/2019","03/01/2019","03/01/2019","Man City","Liverpool",2,1,"H",3,0,"H",1,0,"H","A Taylor",9,7,4,5,12,7,2,1,4,2,0,0,"18/19",1546502400,1,1,3.4,2.6,2.33333333333333,1.66666666666667,1.4,0.4,12,13,1.7,1.18,2,1
"3634","E0","12/01/2019","12/01/2019","12/01/2019","Chelsea","Newcastle",2,1,"H",3,0,"H",1,1,"D","C Kavanagh",10,9,6,2,6,13,8,5,1,1,0,0,"18/19",1547280000,1,0,0.8,1,3.33333333333333,0.666666666666667,0.2,1.4,8,8,2.26,0.73,2,1
"3635","E0","12/01/2019","12/01/2019","12/01/2019","Crystal Palace","Watford",1,2,"A",0,3,"A",1,0,"H","P Tierney",15,16,6,2,11,11,7,7,1,4,0,0,"18/19",1547280000,0,0,0.6,1.6,1.33333333333333,1,0.4,1.6,7,6,1.48,1.09,1,1
"3636","E0","12/01/2019","12/01/2019","12/01/2019","Leicester","Southampton",1,2,"A",0,3,"A",0,2,"A","M Oliver",23,8,6,3,7,9,10,3,2,1,0,1,"18/19",1547280000,0,0,0.8,1.2,0.333333333333333,0,0.8,1.6,7,4,1.48,1.09,1,1
"3637","E0","12/01/2019","12/01/2019","12/01/2019","West Ham","Arsenal",1,0,"H",3,0,"H",0,0,"D","J Moss",11,11,3,2,7,10,7,3,0,2,0,0,"18/19",1547280000,0,1,1.6,1.6,1.33333333333333,2.66666666666667,2.2,2.4,7,5,1.06,1.81,1,2
"3638","E0","13/01/2019","13/01/2019","13/01/2019","Everton","Bournemouth",2,0,"H",3,0,"H",0,0,"D","A Taylor",15,16,3,7,17,8,5,9,5,0,0,0,"18/19",1547366400,0,0,1.2,0.6,3.33333333333333,1.66666666666667,2,3.2,5,0,1.48,1.09,1,1
"3639","E0","13/01/2019","13/01/2019","13/01/2019","Tottenham","Man United",0,1,"A",0,3,"A",0,1,"A","M Dean",21,13,11,8,8,8,7,4,1,2,0,0,"18/19",1547366400,1,1,2.6,2.2,2.33333333333333,0.333333333333333,1,1.8,12,7,1.7,1.18,2,1
"3640","E0","14/01/2019","14/01/2019","14/01/2019","Man City","Wolves",3,0,"H",3,0,"H",2,0,"H","C Pawson",24,3,9,0,6,3,12,1,1,0,0,1,"18/19",1547452800,1,0,2.6,1.6,2.66666666666667,1.33333333333333,1.4,1.2,12,8,2.26,0.73,2,1
"3641","E0","19/01/2019","19/01/2019","19/01/2019","Arsenal","Chelsea",2,0,"H",3,0,"H",2,0,"H","A Taylor",13,13,5,1,13,15,5,6,0,2,0,0,"18/19",1547884800,1,1,2.6,1.4,1.66666666666667,1,1,1.4,13,9,1.7,1.18,2,1
"3642","E0","19/01/2019","19/01/2019","19/01/2019","Bournemouth","West Ham",2,0,"H",3,0,"H",0,0,"D","S Hooper",10,9,4,1,6,10,2,3,0,1,0,0,"18/19",1547884800,0,0,1.6,1.6,2.33333333333333,2.66666666666667,2,0.8,7,10,1.48,1.09,1,1
"3643","E0","19/01/2019","19/01/2019","19/01/2019","Liverpool","Crystal Palace",4,3,"H",3,0,"H",0,1,"A","J Moss",19,9,9,3,6,8,8,3,0,1,1,0,"18/19",1547884800,1,0,3,1.6,1,1.33333333333333,0.4,1.6,15,7,2.26,0.73,3,1
"3646","E0","19/01/2019","19/01/2019","19/01/2019","Southampton","Everton",2,1,"H",3,0,"H",0,0,"D","G Scott",11,7,4,2,12,11,7,6,2,1,0,0,"18/19",1547884800,0,0,1.6,1.2,1.66666666666667,1.33333333333333,2,1.2,5,4,1.48,1.09,1,1
"3649","E0","20/01/2019","20/01/2019","20/01/2019","Fulham","Tottenham",1,2,"A",0,3,"A",1,0,"H","C Pawson",12,14,4,5,10,8,7,10,2,3,0,0,"18/19",1547971200,0,1,1.2,2.8,0.666666666666667,2.66666666666667,1.2,1.2,8,12,1.06,1.81,1,2
"3654","E0","29/01/2019","29/01/2019","29/01/2019","Man United","Burnley",2,2,"D",1,1,"D",0,0,"D","J Moss",28,6,9,4,10,9,11,3,1,3,0,0,"18/19",1548748800,1,0,3,0.6,1.66666666666667,1,1.2,1.4,13,4,2.26,0.73,2,1
"3655","E0","29/01/2019","29/01/2019","29/01/2019","Newcastle","Man City",2,1,"H",3,0,"H",0,1,"A","P Tierney",6,12,2,4,9,7,1,8,2,3,0,0,"18/19",1548748800,0,1,0.8,1.8,0.333333333333333,1.33333333333333,1.4,1.2,4,9,1.06,1.81,1,2
"3657","E0","30/01/2019","30/01/2019","30/01/2019","Bournemouth","Chelsea",4,0,"H",3,0,"H",0,0,"D","R East",12,11,7,7,8,6,3,7,1,0,0,0,"18/19",1548835200,0,1,1.8,1.2,0.666666666666667,2.66666666666667,1.6,1.2,10,9,1.06,1.81,1,2
"3658","E0","30/01/2019","30/01/2019","30/01/2019","Liverpool","Leicester",1,1,"D",1,1,"D",1,1,"D","M Atkinson",10,5,3,2,13,6,7,1,1,3,0,0,"18/19",1548835200,1,0,3.4,1.2,2.33333333333333,0.666666666666667,1,1.2,15,7,2.26,0.73,3,1
"3659","E0","30/01/2019","30/01/2019","30/01/2019","Southampton","Crystal Palace",1,1,"D",1,1,"D",0,1,"A","A Marriner",13,15,4,3,11,8,3,8,2,2,0,1,"18/19",1548835200,0,0,1.8,2.2,2.66666666666667,1.33333333333333,2,2.4,7,6,1.48,1.09,2,1
"3660","E0","30/01/2019","30/01/2019","30/01/2019","Tottenham","Watford",2,1,"H",3,0,"H",0,1,"A","G Scott",17,9,3,1,6,9,9,5,0,4,0,0,"18/19",1548835200,1,0,2,1.8,2.33333333333333,0,1,1.6,9,8,2.26,0.73,2,1
"3662","E0","02/02/2019","02/02/2019","02/02/2019","Burnley","Southampton",1,1,"D",1,1,"D",0,0,"D","A Taylor",15,10,6,4,10,9,4,2,3,1,0,0,"18/19",1549094400,0,0,1.4,1.2,1,0.333333333333333,1.8,1.2,9,7,1.48,1.09,1,1
"3666","E0","02/02/2019","02/02/2019","02/02/2019","Everton","Wolves",1,3,"A",0,3,"A",1,2,"A","L Mason",13,8,4,4,12,14,3,1,3,1,0,0,"18/19",1549094400,0,0,1.4,1.4,1.33333333333333,1,2,1.6,5,7,1.48,1.09,1,1
"3667","E0","02/02/2019","02/02/2019","02/02/2019","Tottenham","Newcastle",1,0,"H",3,0,"H",0,0,"D","A Marriner",21,8,4,2,6,6,6,3,0,1,0,0,"18/19",1549094400,1,0,1.8,0.8,1,1.33333333333333,1,1.6,9,5,2.26,0.73,2,1
"3668","E0","03/02/2019","03/02/2019","03/02/2019","Leicester","Man United",0,1,"A",0,3,"A",0,1,"A","M Dean",17,10,6,6,14,9,7,2,4,4,0,0,"18/19",1549180800,0,1,1,2.2,1,2,1.2,1.2,6,10,1.06,1.81,1,2
"3669","E0","03/02/2019","03/02/2019","03/02/2019","Man City","Arsenal",3,1,"H",3,0,"H",2,1,"H","M Atkinson",19,4,12,2,11,8,4,2,1,1,0,0,"18/19",1549180800,1,1,2.6,1.2,2.33333333333333,1.33333333333333,1.2,2.4,12,2,1.7,1.18,2,1
"3670","E0","04/02/2019","04/02/2019","04/02/2019","West Ham","Liverpool",1,1,"D",1,1,"D",1,1,"D","K Friend",13,11,2,6,9,11,2,5,1,1,0,0,"18/19",1549267200,0,1,1.8,2.2,1,2.66666666666667,1.4,0.6,10,12,1.06,1.81,1,2
"3671","E0","06/02/2019","06/02/2019","06/02/2019","Everton","Man City",0,2,"A",0,3,"A",0,1,"A","C Pawson",4,15,1,4,12,6,5,6,1,1,0,0,"18/19",1549440000,0,1,1.4,1.6,1.66666666666667,1.66666666666667,2.4,1.4,4,6,1.06,1.81,1,2
"3673","E0","09/02/2019","09/02/2019","09/02/2019","Crystal Palace","West Ham",1,1,"D",1,1,"D",0,1,"A","C Pawson",25,6,5,4,12,9,10,4,3,0,0,0,"18/19",1549699200,0,0,0.8,0.8,1,2,0.6,1.6,7,6,1.48,1.09,1,1
"3674","E0","09/02/2019","09/02/2019","09/02/2019","Fulham","Man United",0,3,"A",0,3,"A",0,2,"A","P Tierney",15,15,3,7,14,9,5,4,3,2,0,0,"18/19",1549699200,0,1,1.4,2,0.333333333333333,3,1.4,0.8,7,12,1.06,1.81,1,2
"3676","E0","09/02/2019","09/02/2019","09/02/2019","Liverpool","Bournemouth",3,0,"H",3,0,"H",2,0,"H","A Taylor",20,12,9,2,14,6,8,5,2,2,0,0,"18/19",1549699200,1,0,3.4,0.2,2,0.666666666666667,1.2,3,13,0,2.26,0.73,3,1
"3678","E0","09/02/2019","09/02/2019","09/02/2019","Watford","Everton",1,0,"H",3,0,"H",0,0,"D","L Probert",7,9,2,4,21,10,8,2,2,0,0,1,"18/19",1549699200,0,0,1.2,1.6,1.66666666666667,1,1.4,1.4,5,6,1.48,1.09,1,1
"3679","E0","10/02/2019","10/02/2019","10/02/2019","Man City","Chelsea",6,0,"H",3,0,"H",4,0,"H","M Dean",15,12,9,4,9,13,2,2,1,2,0,0,"18/19",1549785600,1,1,2.6,1,1.66666666666667,1,1.2,1.6,12,9,1.7,1.18,2,1
"3680","E0","10/02/2019","10/02/2019","10/02/2019","Tottenham","Leicester",3,1,"H",3,0,"H",1,0,"H","M Oliver",12,20,5,9,11,4,2,9,3,1,0,0,"18/19",1549785600,1,0,1.8,1.2,2,2,1,1.2,9,7,2.26,0.73,2,1
"3683","E0","22/02/2019","22/02/2019","22/02/2019","West Ham","Fulham",3,1,"H",3,0,"H",2,1,"H","L Mason",21,8,7,5,11,11,12,0,1,1,0,0,"18/19",1550822400,0,0,1.4,0.6,2.33333333333333,0.333333333333333,1.4,2.4,8,1,1.48,1.09,1,1
"3685","E0","23/02/2019","23/02/2019","23/02/2019","Burnley","Tottenham",2,1,"H",3,0,"H",0,0,"D","M Dean",10,17,4,6,9,12,7,6,1,3,0,0,"18/19",1550908800,0,1,1.4,3,0,1.66666666666667,1.4,1.4,10,12,1.06,1.81,1,2
"3686","E0","23/02/2019","23/02/2019","23/02/2019","Leicester","Crystal Palace",1,4,"A",0,3,"A",0,1,"A","A Taylor",27,7,5,5,7,14,8,3,2,1,0,0,"18/19",1550908800,0,0,0.6,2.2,1.33333333333333,1.33333333333333,1.4,2,3,7,1.48,1.09,1,1
"3688","E0","24/02/2019","24/02/2019","24/02/2019","Arsenal","Southampton",2,0,"H",3,0,"H",2,0,"H","G Scott",12,10,4,4,7,14,6,4,0,0,0,0,"18/19",1550995200,1,0,2.4,1.2,1.66666666666667,1,0.6,0.8,15,8,2.26,0.73,2,1
"3689","E0","24/02/2019","24/02/2019","24/02/2019","Man United","Liverpool",0,0,"D",1,1,"D",0,0,"D","M Oliver",6,7,3,1,15,17,3,7,1,3,0,0,"18/19",1550995200,1,1,3,1.8,2,1,1.2,0.6,13,10,1.7,1.18,2,1
"3694","E0","27/02/2019","27/02/2019","27/02/2019","Arsenal","Bournemouth",5,1,"H",3,0,"H",2,1,"H","C Kavanagh",16,13,6,5,11,9,9,4,2,2,0,0,"18/19",1551254400,1,0,2.6,0.2,2.66666666666667,0.333333333333333,0.6,3.2,15,0,2.26,0.73,2,1
"3695","E0","27/02/2019","27/02/2019","27/02/2019","Chelsea","Tottenham",2,0,"H",3,0,"H",0,0,"D","A Marriner",11,9,1,0,7,14,2,2,1,1,0,0,"18/19",1551254400,1,1,1.8,2.8,1.66666666666667,2,0.4,1,10,12,1.7,1.18,2,1
"3696","E0","27/02/2019","27/02/2019","27/02/2019","Crystal Palace","Man United",1,3,"A",0,3,"A",0,1,"A","M Atkinson",17,13,2,4,8,9,5,6,2,3,0,0,"18/19",1551254400,0,1,0.8,2.4,1,1.66666666666667,0.8,0.2,5,15,1.06,1.81,1,2
"3697","E0","27/02/2019","27/02/2019","27/02/2019","Liverpool","Watford",5,0,"H",3,0,"H",2,0,"H","G Scott",19,5,10,3,5,7,6,4,0,2,0,0,"18/19",1551254400,1,0,3.4,2.2,4.33333333333333,0.333333333333333,1,1.4,13,8,2.26,0.73,3,1
"3698","E0","27/02/2019","27/02/2019","27/02/2019","Man City","West Ham",1,0,"H",3,0,"H",0,0,"D","S Attwell",20,2,7,1,2,6,12,2,0,2,0,0,"18/19",1551254400,1,0,3.2,0.6,2,1.33333333333333,1,1.8,12,4,2.26,0.73,3,1
"3700","E0","02/03/2019","02/03/2019","02/03/2019","Bournemouth","Man City",0,1,"A",0,3,"A",0,0,"D","K Friend",0,23,0,7,7,7,0,14,1,2,0,0,"18/19",1551513600,0,1,2.4,2,0.333333333333333,2.66666666666667,0.8,1,11,9,1.06,1.81,1,2
"3702","E0","02/03/2019","02/03/2019","02/03/2019","Burnley","Crystal Palace",1,3,"A",0,3,"A",0,1,"A","L Probert",18,10,4,4,9,9,8,5,1,2,0,0,"18/19",1551513600,0,0,1.6,2.6,2,1.66666666666667,1.6,1.6,10,10,1.48,1.09,1,1
"3703","E0","02/03/2019","02/03/2019","02/03/2019","Man United","Southampton",3,2,"H",3,0,"H",0,1,"A","S Attwell",16,6,6,3,7,10,9,7,2,1,0,0,"18/19",1551513600,1,0,2.2,1.2,0.666666666666667,0.333333333333333,1,1,11,8,2.26,0.73,2,1
"3704","E0","02/03/2019","02/03/2019","02/03/2019","Tottenham","Arsenal",1,1,"D",1,1,"D",0,1,"A","A Taylor",10,9,3,4,15,14,3,4,3,2,0,1,"18/19",1551513600,1,1,1.4,1,1.66666666666667,0.666666666666667,1.2,2.2,9,4,1.7,1.18,2,1
"3705","E0","02/03/2019","02/03/2019","02/03/2019","West Ham","Newcastle",2,0,"H",3,0,"H",2,0,"H","C Kavanagh",10,17,4,2,8,14,1,6,3,4,0,0,"18/19",1551513600,0,0,1.4,0.6,1.66666666666667,1,1.2,1.8,8,2,1.48,1.09,1,1
"3707","E0","03/03/2019","03/03/2019","03/03/2019","Everton","Liverpool",0,0,"D",1,1,"D",0,0,"D","M Atkinson",7,10,3,3,12,10,3,7,1,2,0,0,"18/19",1551600000,0,1,1,1,0.333333333333333,0.666666666666667,2.4,0.6,3,8,1.06,1.81,1,2
"3708","E0","03/03/2019","03/03/2019","03/03/2019","Fulham","Chelsea",1,2,"A",0,3,"A",1,2,"A","G Scott",12,20,5,7,11,10,5,4,2,1,0,0,"18/19",1551600000,0,1,1.4,0.6,0.666666666666667,2.33333333333333,1.6,2.6,7,6,1.06,1.81,1,1
"3709","E0","03/03/2019","03/03/2019","03/03/2019","Watford","Leicester",2,1,"H",3,0,"H",1,0,"H","J Moss",6,14,5,2,15,12,1,5,5,1,0,0,"18/19",1551600000,0,0,1.2,1.4,1.33333333333333,1,1,1.6,8,7,1.48,1.09,1,1
"3714","E0","09/03/2019","09/03/2019","09/03/2019","Man City","Watford",3,1,"H",3,0,"H",0,0,"D","P Tierney",19,2,9,1,11,7,9,1,1,1,0,0,"18/19",1552118400,1,0,3,1.6,2.33333333333333,0.333333333333333,0.4,1.8,15,7,2.26,0.73,3,1
"3715","E0","09/03/2019","09/03/2019","09/03/2019","Newcastle","Everton",3,2,"H",3,0,"H",0,2,"A","L Mason",19,7,7,3,13,10,8,2,3,1,0,0,"18/19",1552118400,0,0,1.8,1,1,1.33333333333333,0.6,0.8,12,6,1.48,1.09,1,1
"3716","E0","09/03/2019","09/03/2019","09/03/2019","Southampton","Tottenham",2,1,"H",3,0,"H",0,1,"A","K Friend",12,16,4,5,16,9,1,10,4,2,0,0,"18/19",1552118400,0,1,1.4,2.4,0.666666666666667,2.33333333333333,1.4,1.4,7,9,1.06,1.81,1,2
"3717","E0","10/03/2019","10/03/2019","10/03/2019","Arsenal","Man United",2,0,"H",3,0,"H",1,0,"H","J Moss",14,14,3,4,12,18,5,2,2,2,0,0,"18/19",1552204800,1,1,3,2,2,1,0.6,0.2,15,15,1.7,1.18,2,1
"3718","E0","10/03/2019","10/03/2019","10/03/2019","Chelsea","Wolves",1,1,"D",1,1,"D",0,0,"D","M Oliver",22,2,6,1,8,14,13,0,1,4,0,0,"18/19",1552204800,1,0,1.8,1.4,3,0,0.4,1.4,10,7,2.26,0.73,2,1
"3719","E0","10/03/2019","10/03/2019","10/03/2019","Liverpool","Burnley",4,2,"H",3,0,"H",2,1,"H","A Marriner",23,3,5,2,4,7,7,3,2,0,0,0,"18/19",1552204800,1,0,3.6,1.4,1.66666666666667,0.666666666666667,1,1.2,13,8,2.26,0.73,3,1
"3721","E0","16/03/2019","16/03/2019","16/03/2019","Burnley","Leicester",1,2,"A",0,3,"A",1,1,"D","M Oliver",13,9,2,4,9,10,9,3,1,1,0,1,"18/19",1552719600,0,0,1.6,1.4,1,0.666666666666667,1.2,2,10,4,1.48,1.09,1,1
"3723","E0","17/03/2019","17/03/2019","17/03/2019","Everton","Chelsea",2,0,"H",3,0,"H",0,0,"D","A Taylor",15,16,8,5,17,9,3,4,1,2,0,0,"18/19",1552806000,0,1,0.6,0.6,1,1.33333333333333,1.2,2.6,4,6,1.06,1.81,1,1
"3724","E0","17/03/2019","17/03/2019","17/03/2019","Fulham","Liverpool",1,2,"A",0,3,"A",0,1,"A","C Pawson",7,16,2,6,11,7,1,10,2,1,0,0,"18/19",1552806000,0,1,1.4,0.6,1.33333333333333,2,1.8,0.6,6,6,1.06,1.81,1,2
"3728","E0","30/03/2019","30/03/2019","30/03/2019","Fulham","Man City",0,2,"A",0,3,"A",0,2,"A","K Friend",5,24,0,7,4,12,0,11,2,0,0,0,"18/19",1553929200,0,1,1.4,2,1.66666666666667,2.66666666666667,2.2,0.6,3,12,1.06,1.81,1,2
"3729","E0","30/03/2019","30/03/2019","30/03/2019","Leicester","Bournemouth",2,0,"H",3,0,"H",1,0,"H","L Mason",18,8,4,2,6,12,6,1,0,2,0,0,"18/19",1553929200,0,0,1.4,0.6,0.666666666666667,0.666666666666667,1.8,2.4,6,3,1.48,1.09,1,1
"3730","E0","30/03/2019","30/03/2019","30/03/2019","Man United","Watford",2,1,"H",3,0,"H",1,0,"H","S Attwell",8,20,5,8,14,9,3,5,1,2,0,0,"18/19",1553929200,1,0,2.2,1.4,1.33333333333333,0,1.2,2.2,11,4,2.26,0.73,2,1
"3731","E0","30/03/2019","30/03/2019","30/03/2019","West Ham","Everton",0,2,"A",0,3,"A",0,2,"A","P Tierney",3,17,1,9,7,14,4,9,1,1,0,0,"18/19",1553929200,0,0,2.2,1.4,1.33333333333333,0.666666666666667,1,1.2,13,6,1.48,1.09,1,1
"3733","E0","31/03/2019","31/03/2019","31/03/2019","Liverpool","Tottenham",2,1,"H",3,0,"H",1,0,"H","M Atkinson",14,11,3,2,5,8,10,3,0,1,0,0,"18/19",1554015600,1,1,3.4,1.4,1.66666666666667,1,1.2,1.4,13,6,1.7,1.18,2,1
"3734","E0","01/04/2019","01/04/2019","01/04/2019","Arsenal","Newcastle",2,0,"H",3,0,"H",1,0,"H","A Taylor",7,3,4,1,11,10,6,2,2,0,0,0,"18/19",1554102000,1,0,2.6,0.8,2,0.333333333333333,0.4,1.6,15,2,2.26,0.73,2,1
"3736","E0","02/04/2019","02/04/2019","02/04/2019","Wolves","Man United",2,1,"H",3,0,"H",1,1,"D","M Dean",9,18,2,4,5,11,3,5,1,2,0,1,"18/19",1554188400,0,1,2,1.6,0.666666666666667,2.33333333333333,1.2,0.6,10,12,1.06,1.81,1,2
"3739","E0","03/04/2019","03/04/2019","03/04/2019","Tottenham","Crystal Palace",2,0,"H",3,0,"H",0,0,"D","A Marriner",26,5,10,1,8,5,8,2,1,0,0,0,"18/19",1554274800,1,0,1.4,2.6,1,0,0.8,1.4,10,10,2.26,0.73,2,1
"3740","E0","05/04/2019","05/04/2019","05/04/2019","Southampton","Liverpool",1,3,"A",0,3,"A",1,1,"D","P Tierney",11,17,1,5,8,7,7,5,2,4,0,0,"18/19",1554447600,0,1,1.6,0.8,1,1.33333333333333,1,0.4,10,9,1.06,1.81,1,2
"3743","E0","06/04/2019","06/04/2019","06/04/2019","Newcastle","Crystal Palace",0,1,"A",0,3,"A",0,0,"D","S Attwell",18,3,5,1,12,13,9,4,1,2,0,0,"18/19",1554534000,0,0,2.4,2.2,1.66666666666667,1,0.6,1.8,15,7,1.48,1.09,2,1
"3744","E0","07/04/2019","07/04/2019","07/04/2019","Everton","Arsenal",1,0,"H",3,0,"H",1,0,"H","K Friend",23,7,6,2,8,9,9,6,1,4,0,0,"18/19",1554620400,0,1,1,1,1.33333333333333,2.66666666666667,1,2.2,7,4,1.06,1.81,1,2
"3745","E0","08/04/2019","08/04/2019","08/04/2019","Chelsea","West Ham",2,0,"H",3,0,"H",1,0,"H","C Kavanagh",16,9,7,2,8,7,7,4,2,1,0,0,"18/19",1554706800,1,0,2.6,0.2,1.66666666666667,1.33333333333333,0.4,1.8,13,1,2.26,0.73,3,1
"3746","E0","12/04/2019","12/04/2019","12/04/2019","Leicester","Newcastle",0,1,"A",0,3,"A",0,1,"A","C Kavanagh",12,11,5,5,6,10,2,3,2,3,0,0,"18/19",1555052400,0,0,1.6,0.6,1.66666666666667,0.666666666666667,1.4,1.6,9,2,1.48,1.09,1,1
"3749","E0","13/04/2019","13/04/2019","13/04/2019","Fulham","Everton",2,0,"H",3,0,"H",0,0,"D","L Probert",12,8,5,1,8,10,7,3,2,1,0,0,"18/19",1555138800,0,0,1.2,1.6,1.33333333333333,2.66666666666667,2.2,0.8,3,9,1.48,1.09,1,1
"3750","E0","13/04/2019","13/04/2019","13/04/2019","Man United","West Ham",2,1,"H",3,0,"H",1,0,"H","G Scott",14,18,4,4,14,5,3,11,1,1,0,0,"18/19",1555138800,1,0,1.8,0.2,1.66666666666667,0.333333333333333,1.2,1.8,11,1,2.26,0.73,2,1
"3753","E0","14/04/2019","14/04/2019","14/04/2019","Crystal Palace","Man City",1,3,"A",0,3,"A",0,1,"A","M Atkinson",7,20,3,6,5,11,2,9,0,0,0,0,"18/19",1555225200,0,1,1.4,1.8,0.333333333333333,1,1.2,0.4,7,12,1.06,1.81,1,2
"3754","E0","14/04/2019","14/04/2019","14/04/2019","Liverpool","Chelsea",2,0,"H",3,0,"H",0,0,"D","M Oliver",15,6,7,3,5,9,9,2,0,1,0,0,"18/19",1555225200,1,1,3,0.8,1,1,0.8,2.8,13,6,1.7,1.18,2,1
"3755","E0","15/04/2019","15/04/2019","15/04/2019","Watford","Arsenal",0,1,"A",0,3,"A",0,1,"A","C Pawson",11,19,3,6,12,8,6,4,2,0,1,0,"18/19",1555311600,0,1,1.6,0.8,1,2.33333333333333,0.6,1.4,11,4,1.06,1.81,1,2
"3759","E0","20/04/2019","20/04/2019","20/04/2019","Man City","Tottenham",1,0,"H",3,0,"H",1,0,"H","M Oliver",15,10,4,4,11,11,4,4,1,2,0,0,"18/19",1555743600,1,1,3,1,2.33333333333333,1.66666666666667,0.4,1.8,15,3,1.7,1.18,2,1
"3760","E0","20/04/2019","20/04/2019","20/04/2019","Newcastle","Southampton",3,1,"H",3,0,"H",2,0,"H","A Taylor",15,15,6,3,5,11,4,11,0,2,0,0,"18/19",1555743600,0,0,1.8,1.2,2,1.33333333333333,0.8,1.4,12,7,1.48,1.09,1,1
"3761","E0","20/04/2019","20/04/2019","20/04/2019","West Ham","Leicester",2,2,"D",1,1,"D",1,0,"H","L Probert",11,11,3,5,8,9,6,8,2,0,0,0,"18/19",1555743600,0,0,2,1.8,1.33333333333333,2,1.4,1.6,10,7,1.48,1.09,2,1
"3763","E0","21/04/2019","21/04/2019","21/04/2019","Arsenal","Crystal Palace",2,3,"A",0,3,"A",0,1,"A","J Moss",12,16,5,7,15,12,8,3,4,1,0,0,"18/19",1555830000,1,0,2.6,1.8,2.33333333333333,0.666666666666667,0.4,1,15,10,2.26,0.73,2,1
"3765","E0","21/04/2019","21/04/2019","21/04/2019","Everton","Man United",4,0,"H",3,0,"H",2,0,"H","P Tierney",15,7,8,1,11,7,10,2,1,1,0,0,"18/19",1555830000,0,1,0.8,1.6,0.333333333333333,2,1,1,7,9,1.06,1.81,1,2
"3766","E0","22/04/2019","22/04/2019","22/04/2019","Chelsea","Burnley",2,2,"D",1,1,"D",2,2,"D","K Friend",22,6,9,3,9,4,10,1,2,1,0,0,"18/19",1555916400,1,0,2.6,2,2,1.33333333333333,0.2,2,13,7,2.26,0.73,3,1
"3768","E0","23/04/2019","23/04/2019","23/04/2019","Watford","Southampton",1,1,"D",1,1,"D",0,1,"A","M Dean",15,8,4,4,10,14,3,4,5,2,0,0,"18/19",1556002800,0,0,1.4,1,1.66666666666667,2,0.6,1.8,10,4,1.48,1.09,2,1
"3769","E0","24/04/2019","24/04/2019","24/04/2019","Man United","Man City",0,2,"A",0,3,"A",0,0,"D","A Marriner",12,8,1,5,10,10,1,1,2,2,0,0,"18/19",1556089200,1,1,1.8,1.8,0.666666666666667,1.33333333333333,1.2,0.6,11,12,1.7,1.18,1,1
"3770","E0","24/04/2019","24/04/2019","24/04/2019","Wolves","Arsenal",3,1,"H",3,0,"H",3,0,"H","S Attwell",11,11,3,1,12,9,5,5,2,3,0,0,"18/19",1556089200,0,1,1.6,1,0.333333333333333,3,0.4,1.2,11,7,1.06,1.81,1,2
"3773","E0","27/04/2019","27/04/2019","27/04/2019","Crystal Palace","Everton",0,0,"D",1,1,"D",0,0,"D","L Mason",8,22,0,3,9,15,5,10,2,0,0,0,"18/19",1556348400,0,0,1.2,1.4,0.666666666666667,1,1.8,1.2,4,6,1.48,1.09,1,1
"3775","E0","27/04/2019","27/04/2019","27/04/2019","Southampton","Bournemouth",3,3,"D",1,1,"D",1,2,"A","G Scott",22,9,7,5,8,9,9,3,2,1,0,0,"18/19",1556348400,0,0,1.8,1.6,1.33333333333333,0.333333333333333,1.4,2,9,6,1.48,1.09,1,1
"3776","E0","27/04/2019","27/04/2019","27/04/2019","Tottenham","West Ham",0,1,"A",0,3,"A",0,0,"D","A Taylor",14,16,4,7,3,8,2,7,0,2,0,0,"18/19",1556348400,1,0,2.2,0.4,2.66666666666667,1.33333333333333,0.4,1.6,13,1,2.26,0.73,3,1
"3778","E0","28/04/2019","28/04/2019","28/04/2019","Burnley","Man City",0,1,"A",0,3,"A",0,0,"D","P Tierney",2,25,0,7,5,7,0,6,1,1,0,0,"18/19",1556434800,0,1,1.6,2,1,1,1.2,0.2,9,15,1.06,1.81,1,2
"3779","E0","28/04/2019","28/04/2019","28/04/2019","Leicester","Arsenal",3,0,"H",3,0,"H",0,0,"D","M Oliver",24,6,12,1,13,13,8,6,3,1,0,1,"18/19",1556434800,0,1,1.6,1,1.66666666666667,2,1.4,1.2,9,7,1.06,1.81,1,2
"3780","E0","28/04/2019","28/04/2019","28/04/2019","Man United","Chelsea",1,1,"D",1,1,"D",1,1,"D","M Atkinson",7,16,5,3,9,14,6,6,3,2,0,0,"18/19",1556434800,1,1,1.4,0.8,1.33333333333333,0.333333333333333,1.2,2.4,10,6,1.7,1.18,1,1
"3781","E0","03/05/2019","03/05/2019","03/05/2019","Everton","Burnley",2,0,"H",3,0,"H",2,0,"H","C Kavanagh",20,5,6,1,8,9,8,1,0,2,0,0,"18/19",1556866800,0,0,1.4,2,1.33333333333333,0.666666666666667,0.4,2,10,7,1.48,1.09,1,1
"3782","E0","04/05/2019","04/05/2019","04/05/2019","Bournemouth","Tottenham",1,0,"H",3,0,"H",0,0,"D","C Pawson",20,11,6,5,11,12,10,6,1,5,0,2,"18/19",1556953200,0,1,0.8,0.6,0.666666666666667,3,1.6,1.8,2,0,1.06,1.81,1,2
"3784","E0","04/05/2019","04/05/2019","04/05/2019","Newcastle","Liverpool",2,3,"A",0,3,"A",1,2,"A","A Marriner",14,11,7,4,10,4,2,3,1,1,0,0,"18/19",1556953200,0,1,2,1.4,1.33333333333333,0.333333333333333,0.8,0.4,12,11,1.06,1.81,1,2
"3785","E0","04/05/2019","04/05/2019","04/05/2019","West Ham","Southampton",3,0,"H",3,0,"H",1,0,"H","S Attwell",17,11,6,1,2,11,2,7,1,1,0,0,"18/19",1556953200,0,0,2.2,1,1.66666666666667,1.33333333333333,1.6,1.8,10,4,1.48,1.09,2,1
"3786","E0","04/05/2019","04/05/2019","04/05/2019","Wolves","Fulham",1,0,"H",3,0,"H",0,0,"D","J Moss",19,6,6,2,10,15,7,1,1,3,0,0,"18/19",1556953200,0,0,1.6,0.8,1.66666666666667,0.666666666666667,0.6,2.4,11,3,1.48,1.09,1,1
"3788","E0","05/05/2019","05/05/2019","05/05/2019","Chelsea","Watford",3,0,"H",3,0,"H",0,0,"D","P Tierney",19,15,9,3,6,12,6,6,0,1,0,0,"18/19",1557039600,1,0,2,1.8,3.33333333333333,2.33333333333333,0.6,2.4,11,6,2.26,0.73,3,1
"3790","E0","06/05/2019","06/05/2019","06/05/2019","Man City","Leicester",1,0,"H",3,0,"H",0,0,"D","M Dean",19,7,5,2,12,5,11,0,3,2,0,0,"18/19",1557126000,1,0,2.6,2,2.66666666666667,1.66666666666667,0.2,1.8,15,7,2.26,0.73,3,1
"3792","E0","12/05/2019","12/05/2019","12/05/2019","Burnley","Arsenal",1,3,"A",0,3,"A",0,0,"D","M Dean",14,17,5,6,11,3,4,5,5,1,0,0,"18/19",1557644400,0,1,1.2,0.6,0,1,1.2,1.6,6,4,1.06,1.81,1,2
"3793","E0","12/05/2019","12/05/2019","12/05/2019","Crystal Palace","Bournemouth",5,3,"H",3,0,"H",3,1,"H","R East",17,16,8,8,11,8,4,4,3,0,0,0,"18/19",1557644400,0,0,1,2.2,1.33333333333333,1.66666666666667,1.6,2,4,7,1.48,1.09,1,1
"3794","E0","12/05/2019","12/05/2019","12/05/2019","Fulham","Newcastle",0,4,"A",0,3,"A",0,2,"A","K Friend",16,13,2,6,6,8,5,5,1,0,0,0,"18/19",1557644400,0,0,1,0.8,2.66666666666667,1,1.2,1.4,6,5,1.48,1.09,1,1
"3795","E0","12/05/2019","12/05/2019","12/05/2019","Leicester","Chelsea",0,0,"D",1,1,"D",0,0,"D","A Taylor",9,14,3,4,9,8,4,5,0,1,0,0,"18/19",1557644400,0,1,2,1,1,2,0.6,1.4,12,7,1.06,1.81,1,1
"3796","E0","12/05/2019","12/05/2019","12/05/2019","Liverpool","Wolves",2,0,"H",3,0,"H",1,0,"H","M Atkinson",13,7,5,2,3,11,4,1,0,2,0,0,"18/19",1557644400,1,0,3.6,0.8,1.33333333333333,0.666666666666667,0.6,1.6,15,4,2.26,0.73,3,1
"3799","E0","12/05/2019","12/05/2019","12/05/2019","Tottenham","Everton",2,2,"D",1,1,"D",1,0,"H","A Marriner",11,17,3,9,10,13,7,4,0,2,0,0,"18/19",1557644400,1,0,1.6,1.4,2.33333333333333,0.666666666666667,0.4,1,10,7,2.26,0.73,2,1
"3800","E0","12/05/2019","12/05/2019","12/05/2019","Watford","West Ham",1,4,"A",0,3,"A",0,2,"A","C Kavanagh",17,16,8,9,10,10,7,2,1,0,1,0,"18/19",1557644400,0,0,1.6,0.4,1.66666666666667,0.333333333333333,1.2,1.4,7,3,1.48,1.09,1,1
